# Blender 4.2.2 LTS
# www.blender.org
mtllib pool-2.mtl
o Cube
v -9.009001 -3.653928 5.005000
v -8.860151 0.349745 4.856151
v -9.009001 -3.653928 -5.005000
v -8.860151 0.349745 -4.856151
v 9.009001 -2.358865 5.005000
v 8.860151 0.310796 4.856151
v 9.009001 -2.358865 -5.005000
v 8.860151 0.310796 -4.856151
v -9.009001 0.350072 5.005000
v -9.009001 0.350072 -5.005000
v 9.009001 0.310469 -5.005000
v 9.009001 0.310469 5.005000
v -8.864552 -3.541121 4.856151
v -8.864552 -3.541121 -4.856151
v 8.855750 -2.329445 -4.856151
v 8.855750 -2.329445 4.856151
vn -1.0000 -0.0000 -0.0000
vn -0.0000 -0.0000 -1.0000
vn 1.0000 -0.0000 -0.0000
vn -0.0000 -0.0000 1.0000
vn 0.0717 -0.9974 -0.0000
vn -1.0000 0.0017 -0.0000
vn 0.0022 1.0000 -0.0000
vn -0.0682 0.9977 -0.0000
vn 1.0000 -0.0011 -0.0000
vt 0.375000 0.000000
vt 0.625000 0.000000
vt 0.625000 0.250000
vt 0.375000 0.250000
vt 0.625000 0.500000
vt 0.375000 0.500000
vt 0.625000 0.750000
vt 0.375000 0.750000
vt 0.625000 1.000000
vt 0.375000 1.000000
vt 0.125000 0.500000
vt 0.125000 0.750000
vt 0.627065 0.746282
vt 0.627065 0.503718
vt 0.872935 0.746282
vt 0.872935 0.503718
vt 0.875000 0.500000
vt 0.875000 0.750000
s 0
usemtl Material.001
f 1/1/1 9/2/1 10/3/1 3/4/1
f 3/4/2 10/3/2 11/5/2 7/6/2
f 7/6/3 11/5/3 12/7/3 5/8/3
f 5/8/4 12/7/4 9/9/4 1/10/4
f 3/11/5 7/6/5 5/8/5 1/12/5
f 6/13/6 8/14/6 15/14/6 16/13/6
f 2/15/7 4/16/7 10/17/7 9/18/7
f 4/16/7 8/14/7 11/5/7 10/17/7
f 8/14/7 6/13/7 12/7/7 11/5/7
f 6/13/7 2/15/7 9/18/7 12/7/7
f 15/14/8 14/16/8 13/15/8 16/13/8
f 4/16/9 2/15/9 13/15/9 14/16/9
f 2/15/2 6/13/2 16/13/2 13/15/2
f 8/14/4 4/16/4 14/16/4 15/14/4
o Cube.001
v 7.072175 -0.200000 6.951391
v 7.072175 -0.113866 7.037525
v 6.986041 -0.113866 6.951391
v 7.072175 0.113866 7.037525
v 7.072175 0.200000 6.951391
v 6.986041 0.113866 6.951391
v 7.072175 -0.200000 5.123659
v 6.986041 -0.113866 5.123659
v 7.072175 -0.113866 5.037525
v 7.072175 0.200000 5.123659
v 7.072175 0.113866 5.037525
v 6.986041 0.113866 5.123659
v 8.899907 -0.200000 6.951391
v 8.986041 -0.113866 6.951391
v 8.899907 -0.113866 7.037525
v 8.899907 0.200000 6.951391
v 8.899907 0.113866 7.037525
v 8.986041 0.113866 6.951391
v 8.899907 -0.200000 5.123659
v 8.899907 -0.113866 5.037525
v 8.986041 -0.113866 5.123659
v 8.899907 0.200000 5.123659
v 8.986041 0.113866 5.123659
v 8.899907 0.113866 5.037525
v 7.072175 -0.200000 8.951391
v 7.072175 -0.113866 9.037525
v 6.986041 -0.113866 8.951391
v 7.072175 0.113866 9.037525
v 7.072175 0.200000 8.951391
v 6.986041 0.113866 8.951391
v 7.072175 -0.200000 7.123659
v 6.986041 -0.113866 7.123659
v 7.072175 -0.113866 7.037525
v 7.072175 0.200000 7.123659
v 7.072175 0.113866 7.037525
v 6.986041 0.113866 7.123659
v 8.899907 -0.200000 8.951391
v 8.986041 -0.113866 8.951391
v 8.899907 -0.113866 9.037525
v 8.899907 0.200000 8.951391
v 8.899907 0.113866 9.037525
v 8.986041 0.113866 8.951391
v 8.899907 -0.200000 7.123659
v 8.899907 -0.113866 7.037525
v 8.986041 -0.113866 7.123659
v 8.899907 0.200000 7.123659
v 8.986041 0.113866 7.123659
v 8.899907 0.113866 7.037525
v 7.072175 -0.200000 10.951391
v 7.072175 -0.113866 11.037525
v 6.986041 -0.113866 10.951391
v 7.072175 0.113866 11.037525
v 7.072175 0.200000 10.951391
v 6.986041 0.113866 10.951391
v 7.072175 -0.200000 9.123659
v 6.986041 -0.113866 9.123659
v 7.072175 -0.113866 9.037525
v 7.072175 0.200000 9.123659
v 7.072175 0.113866 9.037525
v 6.986041 0.113866 9.123659
v 8.899907 -0.200000 10.951391
v 8.986041 -0.113866 10.951391
v 8.899907 -0.113866 11.037525
v 8.899907 0.200000 10.951391
v 8.899907 0.113866 11.037525
v 8.986041 0.113866 10.951391
v 8.899907 -0.200000 9.123659
v 8.899907 -0.113866 9.037525
v 8.986041 -0.113866 9.123659
v 8.899907 0.200000 9.123659
v 8.986041 0.113866 9.123659
v 8.899907 0.113866 9.037525
v 5.072175 -0.200000 6.951391
v 5.072175 -0.113866 7.037525
v 4.986041 -0.113866 6.951391
v 5.072175 0.113866 7.037525
v 5.072175 0.200000 6.951391
v 4.986041 0.113866 6.951391
v 5.072175 -0.200000 5.123659
v 4.986041 -0.113866 5.123659
v 5.072175 -0.113866 5.037525
v 5.072175 0.200000 5.123659
v 5.072175 0.113866 5.037525
v 4.986041 0.113866 5.123659
v 6.899907 -0.200000 6.951391
v 6.986041 -0.113866 6.951391
v 6.899907 -0.113866 7.037525
v 6.899907 0.200000 6.951391
v 6.899907 0.113866 7.037525
v 6.986041 0.113866 6.951391
v 6.899907 -0.200000 5.123659
v 6.899907 -0.113866 5.037525
v 6.986041 -0.113866 5.123659
v 6.899907 0.200000 5.123659
v 6.986041 0.113866 5.123659
v 6.899907 0.113866 5.037525
v 5.072175 -0.200000 8.951391
v 5.072175 -0.113866 9.037525
v 4.986041 -0.113866 8.951391
v 5.072175 0.113866 9.037525
v 5.072175 0.200000 8.951391
v 4.986041 0.113866 8.951391
v 5.072175 -0.200000 7.123659
v 4.986041 -0.113866 7.123659
v 5.072175 -0.113866 7.037525
v 5.072175 0.200000 7.123659
v 5.072175 0.113866 7.037525
v 4.986041 0.113866 7.123659
v 6.899906 -0.200000 8.951391
v 6.986041 -0.113866 8.951391
v 6.899906 -0.113866 9.037525
v 6.899906 0.200000 8.951391
v 6.899906 0.113866 9.037525
v 6.986041 0.113866 8.951391
v 6.899906 -0.200000 7.123659
v 6.899906 -0.113866 7.037525
v 6.986041 -0.113866 7.123659
v 6.899906 0.200000 7.123659
v 6.986041 0.113866 7.123659
v 6.899906 0.113866 7.037525
v 5.072175 -0.200000 10.951391
v 5.072175 -0.113866 11.037525
v 4.986040 -0.113866 10.951391
v 5.072175 0.113866 11.037525
v 5.072175 0.200000 10.951391
v 4.986040 0.113866 10.951391
v 5.072175 -0.200000 9.123659
v 4.986040 -0.113866 9.123659
v 5.072175 -0.113866 9.037525
v 5.072175 0.200000 9.123659
v 5.072175 0.113866 9.037525
v 4.986040 0.113866 9.123659
v 6.899906 -0.200000 10.951391
v 6.986040 -0.113866 10.951391
v 6.899906 -0.113866 11.037525
v 6.899906 0.200000 10.951391
v 6.899906 0.113866 11.037525
v 6.986040 0.113866 10.951391
v 6.899906 -0.200000 9.123659
v 6.899906 -0.113866 9.037525
v 6.986040 -0.113866 9.123659
v 6.899906 0.200000 9.123659
v 6.986040 0.113866 9.123659
v 6.899906 0.113866 9.037525
v 3.072174 -0.200000 6.951391
v 3.072174 -0.113866 7.037525
v 2.986040 -0.113866 6.951391
v 3.072174 0.113866 7.037525
v 3.072174 0.200000 6.951391
v 2.986040 0.113866 6.951391
v 3.072174 -0.200000 5.123659
v 2.986040 -0.113866 5.123659
v 3.072174 -0.113866 5.037525
v 3.072174 0.200000 5.123659
v 3.072174 0.113866 5.037525
v 2.986040 0.113866 5.123659
v 4.899906 -0.200000 6.951391
v 4.986040 -0.113866 6.951391
v 4.899906 -0.113866 7.037525
v 4.899906 0.200000 6.951391
v 4.899906 0.113866 7.037525
v 4.986040 0.113866 6.951391
v 4.899906 -0.200000 5.123659
v 4.899906 -0.113866 5.037525
v 4.986040 -0.113866 5.123659
v 4.899906 0.200000 5.123659
v 4.986040 0.113866 5.123659
v 4.899906 0.113866 5.037525
v 3.072174 -0.200000 8.951391
v 3.072174 -0.113866 9.037525
v 2.986040 -0.113866 8.951391
v 3.072174 0.113866 9.037525
v 3.072174 0.200000 8.951391
v 2.986040 0.113866 8.951391
v 3.072174 -0.200000 7.123659
v 2.986040 -0.113866 7.123659
v 3.072174 -0.113866 7.037525
v 3.072174 0.200000 7.123659
v 3.072174 0.113866 7.037525
v 2.986040 0.113866 7.123659
v 4.899906 -0.200000 8.951391
v 4.986040 -0.113866 8.951391
v 4.899906 -0.113866 9.037525
v 4.899906 0.200000 8.951391
v 4.899906 0.113866 9.037525
v 4.986040 0.113866 8.951391
v 4.899906 -0.200000 7.123659
v 4.899906 -0.113866 7.037525
v 4.986040 -0.113866 7.123659
v 4.899906 0.200000 7.123659
v 4.986040 0.113866 7.123659
v 4.899906 0.113866 7.037525
v 3.072174 -0.200000 10.951391
v 3.072174 -0.113866 11.037525
v 2.986040 -0.113866 10.951391
v 3.072174 0.113866 11.037525
v 3.072174 0.200000 10.951391
v 2.986040 0.113866 10.951391
v 3.072174 -0.200000 9.123659
v 2.986040 -0.113866 9.123659
v 3.072174 -0.113866 9.037525
v 3.072174 0.200000 9.123659
v 3.072174 0.113866 9.037525
v 2.986040 0.113866 9.123659
v 4.899906 -0.200000 10.951391
v 4.986040 -0.113866 10.951391
v 4.899906 -0.113866 11.037525
v 4.899906 0.200000 10.951391
v 4.899906 0.113866 11.037525
v 4.986040 0.113866 10.951391
v 4.899906 -0.200000 9.123659
v 4.899906 -0.113866 9.037525
v 4.986040 -0.113866 9.123659
v 4.899906 0.200000 9.123659
v 4.986040 0.113866 9.123659
v 4.899906 0.113866 9.037525
v 1.072174 -0.200000 6.951391
v 1.072174 -0.113866 7.037525
v 0.986040 -0.113866 6.951391
v 1.072174 0.113866 7.037525
v 1.072174 0.200000 6.951391
v 0.986040 0.113866 6.951391
v 1.072174 -0.200000 5.123659
v 0.986040 -0.113866 5.123659
v 1.072174 -0.113866 5.037525
v 1.072174 0.200000 5.123659
v 1.072174 0.113866 5.037525
v 0.986040 0.113866 5.123659
v 2.899906 -0.200000 6.951391
v 2.986040 -0.113866 6.951391
v 2.899906 -0.113866 7.037525
v 2.899906 0.200000 6.951391
v 2.899906 0.113866 7.037525
v 2.986040 0.113866 6.951391
v 2.899906 -0.200000 5.123659
v 2.899906 -0.113866 5.037525
v 2.986040 -0.113866 5.123659
v 2.899906 0.200000 5.123659
v 2.986040 0.113866 5.123659
v 2.899906 0.113866 5.037525
v 1.072174 -0.200000 8.951391
v 1.072174 -0.113866 9.037525
v 0.986040 -0.113866 8.951391
v 1.072174 0.113866 9.037525
v 1.072174 0.200000 8.951391
v 0.986040 0.113866 8.951391
v 1.072174 -0.200000 7.123659
v 0.986040 -0.113866 7.123659
v 1.072174 -0.113866 7.037525
v 1.072174 0.200000 7.123659
v 1.072174 0.113866 7.037525
v 0.986040 0.113866 7.123659
v 2.899905 -0.200000 8.951391
v 2.986040 -0.113866 8.951391
v 2.899905 -0.113866 9.037525
v 2.899905 0.200000 8.951391
v 2.899905 0.113866 9.037525
v 2.986040 0.113866 8.951391
v 2.899905 -0.200000 7.123659
v 2.899905 -0.113866 7.037525
v 2.986040 -0.113866 7.123659
v 2.899905 0.200000 7.123659
v 2.986040 0.113866 7.123659
v 2.899905 0.113866 7.037525
v 1.072174 -0.200000 10.951391
v 1.072174 -0.113866 11.037525
v 0.986039 -0.113866 10.951391
v 1.072174 0.113866 11.037525
v 1.072174 0.200000 10.951391
v 0.986039 0.113866 10.951391
v 1.072174 -0.200000 9.123659
v 0.986039 -0.113866 9.123659
v 1.072174 -0.113866 9.037525
v 1.072174 0.200000 9.123659
v 1.072174 0.113866 9.037525
v 0.986039 0.113866 9.123659
v 2.899905 -0.200000 10.951391
v 2.986039 -0.113866 10.951391
v 2.899905 -0.113866 11.037525
v 2.899905 0.200000 10.951391
v 2.899905 0.113866 11.037525
v 2.986039 0.113866 10.951391
v 2.899905 -0.200000 9.123659
v 2.899905 -0.113866 9.037525
v 2.986039 -0.113866 9.123659
v 2.899905 0.200000 9.123659
v 2.986039 0.113866 9.123659
v 2.899905 0.113866 9.037525
v -0.927827 -0.200000 6.951391
v -0.927827 -0.113866 7.037525
v -1.013961 -0.113866 6.951391
v -0.927827 0.113866 7.037525
v -0.927827 0.200000 6.951391
v -1.013961 0.113866 6.951391
v -0.927827 -0.200000 5.123659
v -1.013961 -0.113866 5.123659
v -0.927827 -0.113866 5.037525
v -0.927827 0.200000 5.123659
v -0.927827 0.113866 5.037525
v -1.013961 0.113866 5.123659
v 0.899905 -0.200000 6.951391
v 0.986039 -0.113866 6.951391
v 0.899905 -0.113866 7.037525
v 0.899905 0.200000 6.951391
v 0.899905 0.113866 7.037525
v 0.986039 0.113866 6.951391
v 0.899905 -0.200000 5.123659
v 0.899905 -0.113866 5.037525
v 0.986039 -0.113866 5.123659
v 0.899905 0.200000 5.123659
v 0.986039 0.113866 5.123659
v 0.899905 0.113866 5.037525
v -0.927827 -0.200000 8.951391
v -0.927827 -0.113866 9.037525
v -1.013961 -0.113866 8.951391
v -0.927827 0.113866 9.037525
v -0.927827 0.200000 8.951391
v -1.013961 0.113866 8.951391
v -0.927827 -0.200000 7.123659
v -1.013961 -0.113866 7.123659
v -0.927827 -0.113866 7.037525
v -0.927827 0.200000 7.123659
v -0.927827 0.113866 7.037525
v -1.013961 0.113866 7.123659
v 0.899905 -0.200000 8.951391
v 0.986039 -0.113866 8.951391
v 0.899905 -0.113866 9.037525
v 0.899905 0.200000 8.951391
v 0.899905 0.113866 9.037525
v 0.986039 0.113866 8.951391
v 0.899905 -0.200000 7.123659
v 0.899905 -0.113866 7.037525
v 0.986039 -0.113866 7.123659
v 0.899905 0.200000 7.123659
v 0.986039 0.113866 7.123659
v 0.899905 0.113866 7.037525
v -0.927827 -0.200000 10.951391
v -0.927827 -0.113866 11.037525
v -1.013961 -0.113866 10.951391
v -0.927827 0.113866 11.037525
v -0.927827 0.200000 10.951391
v -1.013961 0.113866 10.951391
v -0.927827 -0.200000 9.123659
v -1.013961 -0.113866 9.123659
v -0.927827 -0.113866 9.037525
v -0.927827 0.200000 9.123659
v -0.927827 0.113866 9.037525
v -1.013961 0.113866 9.123659
v 0.899905 -0.200000 10.951391
v 0.986039 -0.113866 10.951391
v 0.899905 -0.113866 11.037525
v 0.899905 0.200000 10.951391
v 0.899905 0.113866 11.037525
v 0.986039 0.113866 10.951391
v 0.899905 -0.200000 9.123659
v 0.899905 -0.113866 9.037525
v 0.986039 -0.113866 9.123659
v 0.899905 0.200000 9.123659
v 0.986039 0.113866 9.123659
v 0.899905 0.113866 9.037525
v -2.927827 -0.200000 6.951391
v -2.927827 -0.113866 7.037525
v -3.013961 -0.113866 6.951391
v -2.927827 0.113866 7.037525
v -2.927827 0.200000 6.951391
v -3.013961 0.113866 6.951391
v -2.927827 -0.200000 5.123659
v -3.013961 -0.113866 5.123659
v -2.927827 -0.113866 5.037525
v -2.927827 0.200000 5.123659
v -2.927827 0.113866 5.037525
v -3.013961 0.113866 5.123659
v -1.100095 -0.200000 6.951391
v -1.013961 -0.113866 6.951391
v -1.100095 -0.113866 7.037525
v -1.100095 0.200000 6.951391
v -1.100095 0.113866 7.037525
v -1.013961 0.113866 6.951391
v -1.100095 -0.200000 5.123659
v -1.100095 -0.113866 5.037525
v -1.013961 -0.113866 5.123659
v -1.100095 0.200000 5.123659
v -1.013961 0.113866 5.123659
v -1.100095 0.113866 5.037525
v -2.927827 -0.200000 8.951391
v -2.927827 -0.113866 9.037525
v -3.013961 -0.113866 8.951391
v -2.927827 0.113866 9.037525
v -2.927827 0.200000 8.951391
v -3.013961 0.113866 8.951391
v -2.927827 -0.200000 7.123659
v -3.013961 -0.113866 7.123659
v -2.927827 -0.113866 7.037525
v -2.927827 0.200000 7.123659
v -2.927827 0.113866 7.037525
v -3.013961 0.113866 7.123659
v -1.100095 -0.200000 8.951391
v -1.013961 -0.113866 8.951391
v -1.100095 -0.113866 9.037525
v -1.100095 0.200000 8.951391
v -1.100095 0.113866 9.037525
v -1.013961 0.113866 8.951391
v -1.100095 -0.200000 7.123659
v -1.100095 -0.113866 7.037525
v -1.013961 -0.113866 7.123659
v -1.100095 0.200000 7.123659
v -1.013961 0.113866 7.123659
v -1.100095 0.113866 7.037525
v -2.927827 -0.200000 10.951391
v -2.927827 -0.113866 11.037525
v -3.013961 -0.113866 10.951391
v -2.927827 0.113866 11.037525
v -2.927827 0.200000 10.951391
v -3.013961 0.113866 10.951391
v -2.927827 -0.200000 9.123659
v -3.013961 -0.113866 9.123659
v -2.927827 -0.113866 9.037525
v -2.927827 0.200000 9.123659
v -2.927827 0.113866 9.037525
v -3.013961 0.113866 9.123659
v -1.100095 -0.200000 10.951391
v -1.013961 -0.113866 10.951391
v -1.100095 -0.113866 11.037525
v -1.100095 0.200000 10.951391
v -1.100095 0.113866 11.037525
v -1.013961 0.113866 10.951391
v -1.100095 -0.200000 9.123659
v -1.100095 -0.113866 9.037525
v -1.013961 -0.113866 9.123659
v -1.100095 0.200000 9.123659
v -1.013961 0.113866 9.123659
v -1.100095 0.113866 9.037525
v -4.927827 -0.200000 6.951391
v -4.927827 -0.113866 7.037525
v -5.013961 -0.113866 6.951391
v -4.927827 0.113866 7.037525
v -4.927827 0.200000 6.951391
v -5.013961 0.113866 6.951391
v -4.927827 -0.200000 5.123659
v -5.013961 -0.113866 5.123659
v -4.927827 -0.113866 5.037525
v -4.927827 0.200000 5.123659
v -4.927827 0.113866 5.037525
v -5.013961 0.113866 5.123659
v -3.100095 -0.200000 6.951391
v -3.013961 -0.113866 6.951391
v -3.100095 -0.113866 7.037525
v -3.100095 0.200000 6.951391
v -3.100095 0.113866 7.037525
v -3.013961 0.113866 6.951391
v -3.100095 -0.200000 5.123659
v -3.100095 -0.113866 5.037525
v -3.013961 -0.113866 5.123659
v -3.100095 0.200000 5.123659
v -3.013961 0.113866 5.123659
v -3.100095 0.113866 5.037525
v -4.927827 -0.200000 8.951391
v -4.927827 -0.113866 9.037525
v -5.013961 -0.113866 8.951391
v -4.927827 0.113866 9.037525
v -4.927827 0.200000 8.951391
v -5.013961 0.113866 8.951391
v -4.927827 -0.200000 7.123659
v -5.013961 -0.113866 7.123659
v -4.927827 -0.113866 7.037525
v -4.927827 0.200000 7.123659
v -4.927827 0.113866 7.037525
v -5.013961 0.113866 7.123659
v -3.100095 -0.200000 8.951391
v -3.013961 -0.113866 8.951391
v -3.100095 -0.113866 9.037525
v -3.100095 0.200000 8.951391
v -3.100095 0.113866 9.037525
v -3.013961 0.113866 8.951391
v -3.100095 -0.200000 7.123659
v -3.100095 -0.113866 7.037525
v -3.013961 -0.113866 7.123659
v -3.100095 0.200000 7.123659
v -3.013961 0.113866 7.123659
v -3.100095 0.113866 7.037525
v -4.927827 -0.200000 10.951391
v -4.927827 -0.113866 11.037525
v -5.013961 -0.113866 10.951391
v -4.927827 0.113866 11.037525
v -4.927827 0.200000 10.951391
v -5.013961 0.113866 10.951391
v -4.927827 -0.200000 9.123659
v -5.013961 -0.113866 9.123659
v -4.927827 -0.113866 9.037525
v -4.927827 0.200000 9.123659
v -4.927827 0.113866 9.037525
v -5.013961 0.113866 9.123659
v -3.100095 -0.200000 10.951391
v -3.013961 -0.113866 10.951391
v -3.100095 -0.113866 11.037525
v -3.100095 0.200000 10.951391
v -3.100095 0.113866 11.037525
v -3.013961 0.113866 10.951391
v -3.100095 -0.200000 9.123659
v -3.100095 -0.113866 9.037525
v -3.013961 -0.113866 9.123659
v -3.100095 0.200000 9.123659
v -3.013961 0.113866 9.123659
v -3.100095 0.113866 9.037525
v -6.927827 -0.200000 6.951391
v -6.927827 -0.113866 7.037525
v -7.013961 -0.113866 6.951391
v -6.927827 0.113866 7.037525
v -6.927827 0.200000 6.951391
v -7.013961 0.113866 6.951391
v -6.927827 -0.200000 5.123659
v -7.013961 -0.113866 5.123659
v -6.927827 -0.113866 5.037525
v -6.927827 0.200000 5.123659
v -6.927827 0.113866 5.037525
v -7.013961 0.113866 5.123659
v -5.100095 -0.200000 6.951391
v -5.013961 -0.113866 6.951391
v -5.100095 -0.113866 7.037525
v -5.100095 0.200000 6.951391
v -5.100095 0.113866 7.037525
v -5.013961 0.113866 6.951391
v -5.100095 -0.200000 5.123659
v -5.100095 -0.113866 5.037525
v -5.013961 -0.113866 5.123659
v -5.100095 0.200000 5.123659
v -5.013961 0.113866 5.123659
v -5.100095 0.113866 5.037525
v -6.927827 -0.200000 8.951391
v -6.927827 -0.113866 9.037525
v -7.013961 -0.113866 8.951391
v -6.927827 0.113866 9.037525
v -6.927827 0.200000 8.951391
v -7.013961 0.113866 8.951391
v -6.927827 -0.200000 7.123659
v -7.013961 -0.113866 7.123659
v -6.927827 -0.113866 7.037525
v -6.927827 0.200000 7.123659
v -6.927827 0.113866 7.037525
v -7.013961 0.113866 7.123659
v -5.100095 -0.200000 8.951391
v -5.013961 -0.113866 8.951391
v -5.100095 -0.113866 9.037525
v -5.100095 0.200000 8.951391
v -5.100095 0.113866 9.037525
v -5.013961 0.113866 8.951391
v -5.100095 -0.200000 7.123659
v -5.100095 -0.113866 7.037525
v -5.013961 -0.113866 7.123659
v -5.100095 0.200000 7.123659
v -5.013961 0.113866 7.123659
v -5.100095 0.113866 7.037525
v -6.927827 -0.200000 10.951391
v -6.927827 -0.113866 11.037525
v -7.013961 -0.113866 10.951391
v -6.927827 0.113866 11.037525
v -6.927827 0.200000 10.951391
v -7.013961 0.113866 10.951391
v -6.927827 -0.200000 9.123659
v -7.013961 -0.113866 9.123659
v -6.927827 -0.113866 9.037525
v -6.927827 0.200000 9.123659
v -6.927827 0.113866 9.037525
v -7.013961 0.113866 9.123659
v -5.100095 -0.200000 10.951391
v -5.013961 -0.113866 10.951391
v -5.100095 -0.113866 11.037525
v -5.100095 0.200000 10.951391
v -5.100095 0.113866 11.037525
v -5.013961 0.113866 10.951391
v -5.100095 -0.200000 9.123659
v -5.100095 -0.113866 9.037525
v -5.013961 -0.113866 9.123659
v -5.100095 0.200000 9.123659
v -5.013961 0.113866 9.123659
v -5.100095 0.113866 9.037525
v -8.927827 -0.200000 6.951391
v -8.927827 -0.113866 7.037525
v -9.013961 -0.113866 6.951391
v -8.927827 0.113866 7.037525
v -8.927827 0.200000 6.951391
v -9.013961 0.113866 6.951391
v -8.927827 -0.200000 5.123659
v -9.013961 -0.113866 5.123659
v -8.927827 -0.113866 5.037525
v -8.927827 0.200000 5.123659
v -8.927827 0.113866 5.037525
v -9.013961 0.113866 5.123659
v -7.100095 -0.200000 6.951391
v -7.013961 -0.113866 6.951391
v -7.100095 -0.113866 7.037525
v -7.100095 0.200000 6.951391
v -7.100095 0.113866 7.037525
v -7.013961 0.113866 6.951391
v -7.100095 -0.200000 5.123659
v -7.100095 -0.113866 5.037525
v -7.013961 -0.113866 5.123659
v -7.100095 0.200000 5.123659
v -7.013961 0.113866 5.123659
v -7.100095 0.113866 5.037525
v -8.927827 -0.200000 8.951391
v -8.927827 -0.113866 9.037525
v -9.013961 -0.113866 8.951391
v -8.927827 0.113866 9.037525
v -8.927827 0.200000 8.951391
v -9.013961 0.113866 8.951391
v -8.927827 -0.200000 7.123659
v -9.013961 -0.113866 7.123659
v -8.927827 -0.113866 7.037525
v -8.927827 0.200000 7.123659
v -8.927827 0.113866 7.037525
v -9.013961 0.113866 7.123659
v -7.100095 -0.200000 8.951391
v -7.013961 -0.113866 8.951391
v -7.100095 -0.113866 9.037525
v -7.100095 0.200000 8.951391
v -7.100095 0.113866 9.037525
v -7.013961 0.113866 8.951391
v -7.100095 -0.200000 7.123659
v -7.100095 -0.113866 7.037525
v -7.013961 -0.113866 7.123659
v -7.100095 0.200000 7.123659
v -7.013961 0.113866 7.123659
v -7.100095 0.113866 7.037525
v -8.927827 -0.200000 10.951391
v -8.927827 -0.113866 11.037525
v -9.013961 -0.113866 10.951391
v -8.927827 0.113866 11.037525
v -8.927827 0.200000 10.951391
v -9.013961 0.113866 10.951391
v -8.927827 -0.200000 9.123659
v -9.013961 -0.113866 9.123659
v -8.927827 -0.113866 9.037525
v -8.927827 0.200000 9.123659
v -8.927827 0.113866 9.037525
v -9.013961 0.113866 9.123659
v -7.100095 -0.200000 10.951391
v -7.013961 -0.113866 10.951391
v -7.100095 -0.113866 11.037525
v -7.100095 0.200000 10.951391
v -7.100095 0.113866 11.037525
v -7.013961 0.113866 10.951391
v -7.100095 -0.200000 9.123659
v -7.100095 -0.113866 9.037525
v -7.013961 -0.113866 9.123659
v -7.100095 0.200000 9.123659
v -7.013961 0.113866 9.123659
v -7.100095 0.113866 9.037525
v 7.072175 -0.200000 -9.095697
v 7.072175 -0.113866 -9.009563
v 6.986041 -0.113866 -9.095697
v 7.072175 0.113866 -9.009563
v 7.072175 0.200000 -9.095697
v 6.986041 0.113866 -9.095697
v 7.072175 -0.200000 -10.923429
v 6.986041 -0.113866 -10.923429
v 7.072175 -0.113866 -11.009563
v 7.072175 0.200000 -10.923429
v 7.072175 0.113866 -11.009563
v 6.986041 0.113866 -10.923429
v 8.899907 -0.200000 -9.095697
v 8.986041 -0.113866 -9.095697
v 8.899907 -0.113866 -9.009563
v 8.899907 0.200000 -9.095697
v 8.899907 0.113866 -9.009563
v 8.986041 0.113866 -9.095697
v 8.899907 -0.200000 -10.923429
v 8.899907 -0.113866 -11.009563
v 8.986041 -0.113866 -10.923429
v 8.899907 0.200000 -10.923429
v 8.986041 0.113866 -10.923429
v 8.899907 0.113866 -11.009563
v 5.072175 -0.200000 -9.095697
v 5.072175 -0.113866 -9.009563
v 4.986041 -0.113866 -9.095697
v 5.072175 0.113866 -9.009563
v 5.072175 0.200000 -9.095697
v 4.986041 0.113866 -9.095697
v 5.072175 -0.200000 -10.923429
v 4.986041 -0.113866 -10.923429
v 5.072175 -0.113866 -11.009563
v 5.072175 0.200000 -10.923429
v 5.072175 0.113866 -11.009563
v 4.986041 0.113866 -10.923429
v 6.899907 -0.200000 -9.095697
v 6.986041 -0.113866 -9.095697
v 6.899907 -0.113866 -9.009563
v 6.899907 0.200000 -9.095697
v 6.899907 0.113866 -9.009563
v 6.986041 0.113866 -9.095697
v 6.899907 -0.200000 -10.923429
v 6.899907 -0.113866 -11.009563
v 6.986041 -0.113866 -10.923429
v 6.899907 0.200000 -10.923429
v 6.986041 0.113866 -10.923429
v 6.899907 0.113866 -11.009563
v 3.072175 -0.200000 -9.095697
v 3.072175 -0.113866 -9.009563
v 2.986041 -0.113866 -9.095697
v 3.072175 0.113866 -9.009563
v 3.072175 0.200000 -9.095697
v 2.986041 0.113866 -9.095697
v 3.072175 -0.200000 -10.923429
v 2.986041 -0.113866 -10.923429
v 3.072175 -0.113866 -11.009563
v 3.072175 0.200000 -10.923429
v 3.072175 0.113866 -11.009563
v 2.986041 0.113866 -10.923429
v 4.899907 -0.200000 -9.095697
v 4.986041 -0.113866 -9.095697
v 4.899907 -0.113866 -9.009563
v 4.899907 0.200000 -9.095697
v 4.899907 0.113866 -9.009563
v 4.986041 0.113866 -9.095697
v 4.899907 -0.200000 -10.923429
v 4.899907 -0.113866 -11.009563
v 4.986041 -0.113866 -10.923429
v 4.899907 0.200000 -10.923429
v 4.986041 0.113866 -10.923429
v 4.899907 0.113866 -11.009563
v 1.072174 -0.200000 -9.095697
v 1.072174 -0.113866 -9.009563
v 0.986040 -0.113866 -9.095697
v 1.072174 0.113866 -9.009563
v 1.072174 0.200000 -9.095697
v 0.986040 0.113866 -9.095697
v 1.072174 -0.200000 -10.923429
v 0.986040 -0.113866 -10.923429
v 1.072174 -0.113866 -11.009563
v 1.072174 0.200000 -10.923429
v 1.072174 0.113866 -11.009563
v 0.986040 0.113866 -10.923429
v 2.899906 -0.200000 -9.095697
v 2.986040 -0.113866 -9.095697
v 2.899906 -0.113866 -9.009563
v 2.899906 0.200000 -9.095697
v 2.899906 0.113866 -9.009563
v 2.986040 0.113866 -9.095697
v 2.899906 -0.200000 -10.923429
v 2.899906 -0.113866 -11.009563
v 2.986040 -0.113866 -10.923429
v 2.899906 0.200000 -10.923429
v 2.986040 0.113866 -10.923429
v 2.899906 0.113866 -11.009563
v -0.927826 -0.200000 -9.095697
v -0.927826 -0.113866 -9.009563
v -1.013960 -0.113866 -9.095697
v -0.927826 0.113866 -9.009563
v -0.927826 0.200000 -9.095697
v -1.013960 0.113866 -9.095697
v -0.927826 -0.200000 -10.923429
v -1.013960 -0.113866 -10.923429
v -0.927826 -0.113866 -11.009563
v -0.927826 0.200000 -10.923429
v -0.927826 0.113866 -11.009563
v -1.013960 0.113866 -10.923429
v 0.899906 -0.200000 -9.095697
v 0.986040 -0.113866 -9.095697
v 0.899906 -0.113866 -9.009563
v 0.899906 0.200000 -9.095697
v 0.899906 0.113866 -9.009563
v 0.986040 0.113866 -9.095697
v 0.899906 -0.200000 -10.923429
v 0.899906 -0.113866 -11.009563
v 0.986040 -0.113866 -10.923429
v 0.899906 0.200000 -10.923429
v 0.986040 0.113866 -10.923429
v 0.899906 0.113866 -11.009563
v -2.927826 -0.200000 -9.095697
v -2.927826 -0.113866 -9.009563
v -3.013960 -0.113866 -9.095697
v -2.927826 0.113866 -9.009563
v -2.927826 0.200000 -9.095697
v -3.013960 0.113866 -9.095697
v -2.927826 -0.200000 -10.923429
v -3.013960 -0.113866 -10.923429
v -2.927826 -0.113866 -11.009563
v -2.927826 0.200000 -10.923429
v -2.927826 0.113866 -11.009563
v -3.013960 0.113866 -10.923429
v -1.100094 -0.200000 -9.095697
v -1.013960 -0.113866 -9.095697
v -1.100094 -0.113866 -9.009563
v -1.100094 0.200000 -9.095697
v -1.100094 0.113866 -9.009563
v -1.013960 0.113866 -9.095697
v -1.100094 -0.200000 -10.923429
v -1.100094 -0.113866 -11.009563
v -1.013960 -0.113866 -10.923429
v -1.100094 0.200000 -10.923429
v -1.013960 0.113866 -10.923429
v -1.100094 0.113866 -11.009563
v -4.927826 -0.200000 -9.095697
v -4.927826 -0.113866 -9.009563
v -5.013960 -0.113866 -9.095697
v -4.927826 0.113866 -9.009563
v -4.927826 0.200000 -9.095697
v -5.013960 0.113866 -9.095697
v -4.927826 -0.200000 -10.923429
v -5.013960 -0.113866 -10.923429
v -4.927826 -0.113866 -11.009563
v -4.927826 0.200000 -10.923429
v -4.927826 0.113866 -11.009563
v -5.013960 0.113866 -10.923429
v -3.100094 -0.200000 -9.095697
v -3.013960 -0.113866 -9.095697
v -3.100094 -0.113866 -9.009563
v -3.100094 0.200000 -9.095697
v -3.100094 0.113866 -9.009563
v -3.013960 0.113866 -9.095697
v -3.100094 -0.200000 -10.923429
v -3.100094 -0.113866 -11.009563
v -3.013960 -0.113866 -10.923429
v -3.100094 0.200000 -10.923429
v -3.013960 0.113866 -10.923429
v -3.100094 0.113866 -11.009563
v -6.927826 -0.200000 -9.095697
v -6.927826 -0.113866 -9.009563
v -7.013960 -0.113866 -9.095697
v -6.927826 0.113866 -9.009563
v -6.927826 0.200000 -9.095697
v -7.013960 0.113866 -9.095697
v -6.927826 -0.200000 -10.923429
v -7.013960 -0.113866 -10.923429
v -6.927826 -0.113866 -11.009563
v -6.927826 0.200000 -10.923429
v -6.927826 0.113866 -11.009563
v -7.013960 0.113866 -10.923429
v -5.100094 -0.200000 -9.095697
v -5.013960 -0.113866 -9.095697
v -5.100094 -0.113866 -9.009563
v -5.100094 0.200000 -9.095697
v -5.100094 0.113866 -9.009563
v -5.013960 0.113866 -9.095697
v -5.100094 -0.200000 -10.923429
v -5.100094 -0.113866 -11.009563
v -5.013960 -0.113866 -10.923429
v -5.100094 0.200000 -10.923429
v -5.013960 0.113866 -10.923429
v -5.100094 0.113866 -11.009563
v -8.927827 -0.200000 -9.095697
v -8.927827 -0.113866 -9.009563
v -9.013961 -0.113866 -9.095697
v -8.927827 0.113866 -9.009563
v -8.927827 0.200000 -9.095697
v -9.013961 0.113866 -9.095697
v -8.927827 -0.200000 -10.923429
v -9.013961 -0.113866 -10.923429
v -8.927827 -0.113866 -11.009563
v -8.927827 0.200000 -10.923429
v -8.927827 0.113866 -11.009563
v -9.013961 0.113866 -10.923429
v -7.100095 -0.200000 -9.095697
v -7.013961 -0.113866 -9.095697
v -7.100095 -0.113866 -9.009563
v -7.100095 0.200000 -9.095697
v -7.100095 0.113866 -9.009563
v -7.013961 0.113866 -9.095697
v -7.100095 -0.200000 -10.923429
v -7.100095 -0.113866 -11.009563
v -7.013961 -0.113866 -10.923429
v -7.100095 0.200000 -10.923429
v -7.013961 0.113866 -10.923429
v -7.100095 0.113866 -11.009563
v 7.072174 -0.200000 -7.095697
v 7.072174 -0.113866 -7.009563
v 6.986040 -0.113866 -7.095697
v 7.072174 0.113866 -7.009563
v 7.072174 0.200000 -7.095697
v 6.986040 0.113866 -7.095697
v 7.072174 -0.200000 -8.923429
v 6.986040 -0.113866 -8.923429
v 7.072174 -0.113866 -9.009563
v 7.072174 0.200000 -8.923429
v 7.072174 0.113866 -9.009563
v 6.986040 0.113866 -8.923429
v 8.899906 -0.200000 -7.095697
v 8.986040 -0.113866 -7.095697
v 8.899906 -0.113866 -7.009563
v 8.899906 0.200000 -7.095697
v 8.899906 0.113866 -7.009563
v 8.986040 0.113866 -7.095697
v 8.899906 -0.200000 -8.923429
v 8.899906 -0.113866 -9.009563
v 8.986040 -0.113866 -8.923429
v 8.899906 0.200000 -8.923429
v 8.986040 0.113866 -8.923429
v 8.899906 0.113866 -9.009563
v 5.072174 -0.200000 -7.095697
v 5.072174 -0.113866 -7.009563
v 4.986040 -0.113866 -7.095697
v 5.072174 0.113866 -7.009563
v 5.072174 0.200000 -7.095697
v 4.986040 0.113866 -7.095697
v 5.072174 -0.200000 -8.923429
v 4.986040 -0.113866 -8.923429
v 5.072174 -0.113866 -9.009563
v 5.072174 0.200000 -8.923429
v 5.072174 0.113866 -9.009563
v 4.986040 0.113866 -8.923429
v 6.899906 -0.200000 -7.095697
v 6.986040 -0.113866 -7.095697
v 6.899906 -0.113866 -7.009563
v 6.899906 0.200000 -7.095697
v 6.899906 0.113866 -7.009563
v 6.986040 0.113866 -7.095697
v 6.899906 -0.200000 -8.923429
v 6.899906 -0.113866 -9.009563
v 6.986040 -0.113866 -8.923429
v 6.899906 0.200000 -8.923429
v 6.986040 0.113866 -8.923429
v 6.899906 0.113866 -9.009563
v 3.072174 -0.200000 -7.095697
v 3.072174 -0.113866 -7.009563
v 2.986040 -0.113866 -7.095697
v 3.072174 0.113866 -7.009563
v 3.072174 0.200000 -7.095697
v 2.986040 0.113866 -7.095697
v 3.072174 -0.200000 -8.923429
v 2.986040 -0.113866 -8.923429
v 3.072174 -0.113866 -9.009563
v 3.072174 0.200000 -8.923429
v 3.072174 0.113866 -9.009563
v 2.986040 0.113866 -8.923429
v 4.899905 -0.200000 -7.095697
v 4.986039 -0.113866 -7.095697
v 4.899905 -0.113866 -7.009563
v 4.899905 0.200000 -7.095697
v 4.899905 0.113866 -7.009563
v 4.986039 0.113866 -7.095697
v 4.899905 -0.200000 -8.923429
v 4.899905 -0.113866 -9.009563
v 4.986039 -0.113866 -8.923429
v 4.899905 0.200000 -8.923429
v 4.986039 0.113866 -8.923429
v 4.899905 0.113866 -9.009563
v 1.072173 -0.200000 -7.095697
v 1.072173 -0.113866 -7.009563
v 0.986039 -0.113866 -7.095697
v 1.072173 0.113866 -7.009563
v 1.072173 0.200000 -7.095697
v 0.986039 0.113866 -7.095697
v 1.072173 -0.200000 -8.923429
v 0.986039 -0.113866 -8.923429
v 1.072173 -0.113866 -9.009563
v 1.072173 0.200000 -8.923429
v 1.072173 0.113866 -9.009563
v 0.986039 0.113866 -8.923429
v 2.899905 -0.200000 -7.095697
v 2.986039 -0.113866 -7.095697
v 2.899905 -0.113866 -7.009563
v 2.899905 0.200000 -7.095697
v 2.899905 0.113866 -7.009563
v 2.986039 0.113866 -7.095697
v 2.899905 -0.200000 -8.923429
v 2.899905 -0.113866 -9.009563
v 2.986039 -0.113866 -8.923429
v 2.899905 0.200000 -8.923429
v 2.986039 0.113866 -8.923429
v 2.899905 0.113866 -9.009563
v -0.927827 -0.200000 -7.095697
v -0.927827 -0.113866 -7.009563
v -1.013961 -0.113866 -7.095697
v -0.927827 0.113866 -7.009563
v -0.927827 0.200000 -7.095697
v -1.013961 0.113866 -7.095697
v -0.927827 -0.200000 -8.923429
v -1.013961 -0.113866 -8.923429
v -0.927827 -0.113866 -9.009563
v -0.927827 0.200000 -8.923429
v -0.927827 0.113866 -9.009563
v -1.013961 0.113866 -8.923429
v 0.899905 -0.200000 -7.095697
v 0.986039 -0.113866 -7.095697
v 0.899905 -0.113866 -7.009563
v 0.899905 0.200000 -7.095697
v 0.899905 0.113866 -7.009563
v 0.986039 0.113866 -7.095697
v 0.899905 -0.200000 -8.923429
v 0.899905 -0.113866 -9.009563
v 0.986039 -0.113866 -8.923429
v 0.899905 0.200000 -8.923429
v 0.986039 0.113866 -8.923429
v 0.899905 0.113866 -9.009563
v -2.927827 -0.200000 -7.095697
v -2.927827 -0.113866 -7.009563
v -3.013961 -0.113866 -7.095697
v -2.927827 0.113866 -7.009563
v -2.927827 0.200000 -7.095697
v -3.013961 0.113866 -7.095697
v -2.927827 -0.200000 -8.923429
v -3.013961 -0.113866 -8.923429
v -2.927827 -0.113866 -9.009563
v -2.927827 0.200000 -8.923429
v -2.927827 0.113866 -9.009563
v -3.013961 0.113866 -8.923429
v -1.100095 -0.200000 -7.095697
v -1.013961 -0.113866 -7.095697
v -1.100095 -0.113866 -7.009563
v -1.100095 0.200000 -7.095697
v -1.100095 0.113866 -7.009563
v -1.013961 0.113866 -7.095697
v -1.100095 -0.200000 -8.923429
v -1.100095 -0.113866 -9.009563
v -1.013961 -0.113866 -8.923429
v -1.100095 0.200000 -8.923429
v -1.013961 0.113866 -8.923429
v -1.100095 0.113866 -9.009563
v -4.927827 -0.200000 -7.095697
v -4.927827 -0.113866 -7.009563
v -5.013961 -0.113866 -7.095697
v -4.927827 0.113866 -7.009563
v -4.927827 0.200000 -7.095697
v -5.013961 0.113866 -7.095697
v -4.927827 -0.200000 -8.923429
v -5.013961 -0.113866 -8.923429
v -4.927827 -0.113866 -9.009563
v -4.927827 0.200000 -8.923429
v -4.927827 0.113866 -9.009563
v -5.013961 0.113866 -8.923429
v -3.100095 -0.200000 -7.095697
v -3.013961 -0.113866 -7.095697
v -3.100095 -0.113866 -7.009563
v -3.100095 0.200000 -7.095697
v -3.100095 0.113866 -7.009563
v -3.013961 0.113866 -7.095697
v -3.100095 -0.200000 -8.923429
v -3.100095 -0.113866 -9.009563
v -3.013961 -0.113866 -8.923429
v -3.100095 0.200000 -8.923429
v -3.013961 0.113866 -8.923429
v -3.100095 0.113866 -9.009563
v -6.927827 -0.200000 -7.095697
v -6.927827 -0.113866 -7.009563
v -7.013961 -0.113866 -7.095697
v -6.927827 0.113866 -7.009563
v -6.927827 0.200000 -7.095697
v -7.013961 0.113866 -7.095697
v -6.927827 -0.200000 -8.923429
v -7.013961 -0.113866 -8.923429
v -6.927827 -0.113866 -9.009563
v -6.927827 0.200000 -8.923429
v -6.927827 0.113866 -9.009563
v -7.013961 0.113866 -8.923429
v -5.100095 -0.200000 -7.095697
v -5.013961 -0.113866 -7.095697
v -5.100095 -0.113866 -7.009563
v -5.100095 0.200000 -7.095697
v -5.100095 0.113866 -7.009563
v -5.013961 0.113866 -7.095697
v -5.100095 -0.200000 -8.923429
v -5.100095 -0.113866 -9.009563
v -5.013961 -0.113866 -8.923429
v -5.100095 0.200000 -8.923429
v -5.013961 0.113866 -8.923429
v -5.100095 0.113866 -9.009563
v -8.927829 -0.200000 -7.095697
v -8.927829 -0.113866 -7.009563
v -9.013963 -0.113866 -7.095697
v -8.927829 0.113866 -7.009563
v -8.927829 0.200000 -7.095697
v -9.013963 0.113866 -7.095697
v -8.927829 -0.200000 -8.923429
v -9.013963 -0.113866 -8.923429
v -8.927829 -0.113866 -9.009563
v -8.927829 0.200000 -8.923429
v -8.927829 0.113866 -9.009563
v -9.013963 0.113866 -8.923429
v -7.100096 -0.200000 -7.095697
v -7.013962 -0.113866 -7.095697
v -7.100096 -0.113866 -7.009563
v -7.100096 0.200000 -7.095697
v -7.100096 0.113866 -7.009563
v -7.013962 0.113866 -7.095697
v -7.100096 -0.200000 -8.923429
v -7.100096 -0.113866 -9.009563
v -7.013962 -0.113866 -8.923429
v -7.100096 0.200000 -8.923429
v -7.013962 0.113866 -8.923429
v -7.100096 0.113866 -9.009563
v 7.072173 -0.200000 -5.095697
v 7.072173 -0.113866 -5.009563
v 6.986039 -0.113866 -5.095697
v 7.072173 0.113866 -5.009563
v 7.072173 0.200000 -5.095697
v 6.986039 0.113866 -5.095697
v 7.072173 -0.200000 -6.923429
v 6.986039 -0.113866 -6.923429
v 7.072173 -0.113866 -7.009563
v 7.072173 0.200000 -6.923429
v 7.072173 0.113866 -7.009563
v 6.986039 0.113866 -6.923429
v 8.899905 -0.200000 -5.095697
v 8.986039 -0.113866 -5.095697
v 8.899905 -0.113866 -5.009563
v 8.899905 0.200000 -5.095697
v 8.899905 0.113866 -5.009563
v 8.986039 0.113866 -5.095697
v 8.899905 -0.200000 -6.923429
v 8.899905 -0.113866 -7.009563
v 8.986039 -0.113866 -6.923429
v 8.899905 0.200000 -6.923429
v 8.986039 0.113866 -6.923429
v 8.899905 0.113866 -7.009563
v 5.072173 -0.200000 -5.095697
v 5.072173 -0.113866 -5.009563
v 4.986039 -0.113866 -5.095697
v 5.072173 0.113866 -5.009563
v 5.072173 0.200000 -5.095697
v 4.986039 0.113866 -5.095697
v 5.072173 -0.200000 -6.923429
v 4.986039 -0.113866 -6.923429
v 5.072173 -0.113866 -7.009563
v 5.072173 0.200000 -6.923429
v 5.072173 0.113866 -7.009563
v 4.986039 0.113866 -6.923429
v 6.899905 -0.200000 -5.095697
v 6.986039 -0.113866 -5.095697
v 6.899905 -0.113866 -5.009563
v 6.899905 0.200000 -5.095697
v 6.899905 0.113866 -5.009563
v 6.986039 0.113866 -5.095697
v 6.899905 -0.200000 -6.923429
v 6.899905 -0.113866 -7.009563
v 6.986039 -0.113866 -6.923429
v 6.899905 0.200000 -6.923429
v 6.986039 0.113866 -6.923429
v 6.899905 0.113866 -7.009563
v 3.072172 -0.200000 -5.095697
v 3.072172 -0.113866 -5.009563
v 2.986038 -0.113866 -5.095697
v 3.072172 0.113866 -5.009563
v 3.072172 0.200000 -5.095697
v 2.986038 0.113866 -5.095697
v 3.072172 -0.200000 -6.923429
v 2.986038 -0.113866 -6.923429
v 3.072172 -0.113866 -7.009563
v 3.072172 0.200000 -6.923429
v 3.072172 0.113866 -7.009563
v 2.986038 0.113866 -6.923429
v 4.899904 -0.200000 -5.095697
v 4.986038 -0.113866 -5.095697
v 4.899904 -0.113866 -5.009563
v 4.899904 0.200000 -5.095697
v 4.899904 0.113866 -5.009563
v 4.986038 0.113866 -5.095697
v 4.899904 -0.200000 -6.923429
v 4.899904 -0.113866 -7.009563
v 4.986038 -0.113866 -6.923429
v 4.899904 0.200000 -6.923429
v 4.986038 0.113866 -6.923429
v 4.899904 0.113866 -7.009563
v 1.072172 -0.200000 -5.095697
v 1.072172 -0.113866 -5.009563
v 0.986038 -0.113866 -5.095697
v 1.072172 0.113866 -5.009563
v 1.072172 0.200000 -5.095697
v 0.986038 0.113866 -5.095697
v 1.072172 -0.200000 -6.923429
v 0.986038 -0.113866 -6.923429
v 1.072172 -0.113866 -7.009563
v 1.072172 0.200000 -6.923429
v 1.072172 0.113866 -7.009563
v 0.986038 0.113866 -6.923429
v 2.899904 -0.200000 -5.095697
v 2.986038 -0.113866 -5.095697
v 2.899904 -0.113866 -5.009563
v 2.899904 0.200000 -5.095697
v 2.899904 0.113866 -5.009563
v 2.986038 0.113866 -5.095697
v 2.899904 -0.200000 -6.923429
v 2.899904 -0.113866 -7.009563
v 2.986038 -0.113866 -6.923429
v 2.899904 0.200000 -6.923429
v 2.986038 0.113866 -6.923429
v 2.899904 0.113866 -7.009563
v -0.927828 -0.200000 -5.095697
v -0.927828 -0.113866 -5.009563
v -1.013962 -0.113866 -5.095697
v -0.927828 0.113866 -5.009563
v -0.927828 0.200000 -5.095697
v -1.013962 0.113866 -5.095697
v -0.927828 -0.200000 -6.923429
v -1.013962 -0.113866 -6.923429
v -0.927828 -0.113866 -7.009563
v -0.927828 0.200000 -6.923429
v -0.927828 0.113866 -7.009563
v -1.013962 0.113866 -6.923429
v 0.899904 -0.200000 -5.095697
v 0.986038 -0.113866 -5.095697
v 0.899904 -0.113866 -5.009563
v 0.899904 0.200000 -5.095697
v 0.899904 0.113866 -5.009563
v 0.986038 0.113866 -5.095697
v 0.899904 -0.200000 -6.923429
v 0.899904 -0.113866 -7.009563
v 0.986038 -0.113866 -6.923429
v 0.899904 0.200000 -6.923429
v 0.986038 0.113866 -6.923429
v 0.899904 0.113866 -7.009563
v -2.927828 -0.200000 -5.095697
v -2.927828 -0.113866 -5.009563
v -3.013962 -0.113866 -5.095697
v -2.927828 0.113866 -5.009563
v -2.927828 0.200000 -5.095697
v -3.013962 0.113866 -5.095697
v -2.927828 -0.200000 -6.923429
v -3.013962 -0.113866 -6.923429
v -2.927828 -0.113866 -7.009563
v -2.927828 0.200000 -6.923429
v -2.927828 0.113866 -7.009563
v -3.013962 0.113866 -6.923429
v -1.100096 -0.200000 -5.095697
v -1.013962 -0.113866 -5.095697
v -1.100096 -0.113866 -5.009563
v -1.100096 0.200000 -5.095697
v -1.100096 0.113866 -5.009563
v -1.013962 0.113866 -5.095697
v -1.100096 -0.200000 -6.923429
v -1.100096 -0.113866 -7.009563
v -1.013962 -0.113866 -6.923429
v -1.100096 0.200000 -6.923429
v -1.013962 0.113866 -6.923429
v -1.100096 0.113866 -7.009563
v -4.927828 -0.200000 -5.095697
v -4.927828 -0.113866 -5.009563
v -5.013962 -0.113866 -5.095697
v -4.927828 0.113866 -5.009563
v -4.927828 0.200000 -5.095697
v -5.013962 0.113866 -5.095697
v -4.927828 -0.200000 -6.923429
v -5.013962 -0.113866 -6.923429
v -4.927828 -0.113866 -7.009563
v -4.927828 0.200000 -6.923429
v -4.927828 0.113866 -7.009563
v -5.013962 0.113866 -6.923429
v -3.100096 -0.200000 -5.095697
v -3.013962 -0.113866 -5.095697
v -3.100096 -0.113866 -5.009563
v -3.100096 0.200000 -5.095697
v -3.100096 0.113866 -5.009563
v -3.013962 0.113866 -5.095697
v -3.100096 -0.200000 -6.923429
v -3.100096 -0.113866 -7.009563
v -3.013962 -0.113866 -6.923429
v -3.100096 0.200000 -6.923429
v -3.013962 0.113866 -6.923429
v -3.100096 0.113866 -7.009563
v -6.927828 -0.200000 -5.095697
v -6.927828 -0.113866 -5.009563
v -7.013962 -0.113866 -5.095697
v -6.927828 0.113866 -5.009563
v -6.927828 0.200000 -5.095697
v -7.013962 0.113866 -5.095697
v -6.927828 -0.200000 -6.923429
v -7.013962 -0.113866 -6.923429
v -6.927828 -0.113866 -7.009563
v -6.927828 0.200000 -6.923429
v -6.927828 0.113866 -7.009563
v -7.013962 0.113866 -6.923429
v -5.100096 -0.200000 -5.095697
v -5.013962 -0.113866 -5.095697
v -5.100096 -0.113866 -5.009563
v -5.100096 0.200000 -5.095697
v -5.100096 0.113866 -5.009563
v -5.013962 0.113866 -5.095697
v -5.100096 -0.200000 -6.923429
v -5.100096 -0.113866 -7.009563
v -5.013962 -0.113866 -6.923429
v -5.100096 0.200000 -6.923429
v -5.013962 0.113866 -6.923429
v -5.100096 0.113866 -7.009563
v -8.927829 -0.200000 -5.095697
v -8.927829 -0.113866 -5.009563
v -9.013963 -0.113866 -5.095697
v -8.927829 0.113866 -5.009563
v -8.927829 0.200000 -5.095697
v -9.013963 0.113866 -5.095697
v -8.927829 -0.200000 -6.923429
v -9.013963 -0.113866 -6.923429
v -8.927829 -0.113866 -7.009563
v -8.927829 0.200000 -6.923429
v -8.927829 0.113866 -7.009563
v -9.013963 0.113866 -6.923429
v -7.100097 -0.200000 -5.095697
v -7.013963 -0.113866 -5.095697
v -7.100097 -0.113866 -5.009563
v -7.100097 0.200000 -5.095697
v -7.100097 0.113866 -5.009563
v -7.013963 0.113866 -5.095697
v -7.100097 -0.200000 -6.923429
v -7.100097 -0.113866 -7.009563
v -7.013963 -0.113866 -6.923429
v -7.100097 0.200000 -6.923429
v -7.013963 0.113866 -6.923429
v -7.100097 0.113866 -7.009563
v 13.065368 -0.200000 9.111271
v 12.979234 -0.113866 9.111271
v 13.065368 -0.113866 9.025137
v 12.979234 0.113866 9.111271
v 13.065368 0.200000 9.111271
v 13.065368 0.113866 9.025137
v 14.893100 -0.200000 9.111271
v 14.893100 -0.113866 9.025137
v 14.979234 -0.113866 9.111271
v 14.893100 0.200000 9.111271
v 14.979234 0.113866 9.111271
v 14.893100 0.113866 9.025137
v 13.065368 -0.200000 10.939003
v 13.065368 -0.113866 11.025137
v 12.979234 -0.113866 10.939003
v 13.065368 0.200000 10.939003
v 12.979234 0.113866 10.939003
v 13.065368 0.113866 11.025137
v 14.893100 -0.200000 10.939003
v 14.979234 -0.113866 10.939003
v 14.893100 -0.113866 11.025137
v 14.893100 0.200000 10.939003
v 14.893100 0.113866 11.025137
v 14.979234 0.113866 10.939003
v 13.065368 -0.200000 7.111271
v 12.979234 -0.113866 7.111271
v 13.065368 -0.113866 7.025137
v 12.979234 0.113866 7.111271
v 13.065368 0.200000 7.111271
v 13.065368 0.113866 7.025137
v 14.893100 -0.200000 7.111271
v 14.893100 -0.113866 7.025137
v 14.979234 -0.113866 7.111271
v 14.893100 0.200000 7.111271
v 14.979234 0.113866 7.111271
v 14.893100 0.113866 7.025137
v 13.065368 -0.200000 8.939003
v 13.065368 -0.113866 9.025137
v 12.979234 -0.113866 8.939003
v 13.065368 0.200000 8.939003
v 12.979234 0.113866 8.939003
v 13.065368 0.113866 9.025137
v 14.893100 -0.200000 8.939003
v 14.979234 -0.113866 8.939003
v 14.893100 -0.113866 9.025137
v 14.893100 0.200000 8.939003
v 14.893100 0.113866 9.025137
v 14.979234 0.113866 8.939003
v 13.065369 -0.200000 5.111270
v 12.979234 -0.113866 5.111270
v 13.065369 -0.113866 5.025136
v 12.979234 0.113866 5.111270
v 13.065369 0.200000 5.111270
v 13.065369 0.113866 5.025136
v 14.893100 -0.200000 5.111270
v 14.893100 -0.113866 5.025136
v 14.979234 -0.113866 5.111270
v 14.893100 0.200000 5.111270
v 14.979234 0.113866 5.111270
v 14.893100 0.113866 5.025136
v 13.065368 -0.200000 6.939003
v 13.065368 -0.113866 7.025136
v 12.979234 -0.113866 6.939003
v 13.065368 0.200000 6.939003
v 12.979234 0.113866 6.939003
v 13.065368 0.113866 7.025136
v 14.893100 -0.200000 6.939003
v 14.979234 -0.113866 6.939003
v 14.893100 -0.113866 7.025136
v 14.893100 0.200000 6.939003
v 14.893100 0.113866 7.025136
v 14.979234 0.113866 6.939003
v 13.065369 -0.200000 3.111270
v 12.979235 -0.113866 3.111270
v 13.065369 -0.113866 3.025136
v 12.979235 0.113866 3.111270
v 13.065369 0.200000 3.111270
v 13.065369 0.113866 3.025136
v 14.893100 -0.200000 3.111270
v 14.893100 -0.113866 3.025136
v 14.979235 -0.113866 3.111270
v 14.893100 0.200000 3.111270
v 14.979235 0.113866 3.111270
v 14.893100 0.113866 3.025136
v 13.065369 -0.200000 4.939002
v 13.065369 -0.113866 5.025136
v 12.979234 -0.113866 4.939002
v 13.065369 0.200000 4.939002
v 12.979234 0.113866 4.939002
v 13.065369 0.113866 5.025136
v 14.893100 -0.200000 4.939002
v 14.979234 -0.113866 4.939002
v 14.893100 -0.113866 5.025136
v 14.893100 0.200000 4.939002
v 14.893100 0.113866 5.025136
v 14.979234 0.113866 4.939002
v 13.065369 -0.200000 1.111270
v 12.979235 -0.113866 1.111270
v 13.065369 -0.113866 1.025136
v 12.979235 0.113866 1.111270
v 13.065369 0.200000 1.111270
v 13.065369 0.113866 1.025136
v 14.893101 -0.200000 1.111270
v 14.893101 -0.113866 1.025136
v 14.979235 -0.113866 1.111270
v 14.893101 0.200000 1.111270
v 14.979235 0.113866 1.111270
v 14.893101 0.113866 1.025136
v 13.065369 -0.200000 2.939002
v 13.065369 -0.113866 3.025136
v 12.979235 -0.113866 2.939002
v 13.065369 0.200000 2.939002
v 12.979235 0.113866 2.939002
v 13.065369 0.113866 3.025136
v 14.893100 -0.200000 2.939002
v 14.979235 -0.113866 2.939002
v 14.893100 -0.113866 3.025136
v 14.893100 0.200000 2.939002
v 14.893100 0.113866 3.025136
v 14.979235 0.113866 2.939002
v 13.065369 -0.200000 -0.888730
v 12.979235 -0.113866 -0.888730
v 13.065369 -0.113866 -0.974864
v 12.979235 0.113866 -0.888730
v 13.065369 0.200000 -0.888730
v 13.065369 0.113866 -0.974864
v 14.893101 -0.200000 -0.888730
v 14.893101 -0.113866 -0.974864
v 14.979235 -0.113866 -0.888730
v 14.893101 0.200000 -0.888730
v 14.979235 0.113866 -0.888730
v 14.893101 0.113866 -0.974864
v 13.065369 -0.200000 0.939002
v 13.065369 -0.113866 1.025136
v 12.979235 -0.113866 0.939002
v 13.065369 0.200000 0.939002
v 12.979235 0.113866 0.939002
v 13.065369 0.113866 1.025136
v 14.893101 -0.200000 0.939002
v 14.979235 -0.113866 0.939002
v 14.893101 -0.113866 1.025136
v 14.893101 0.200000 0.939002
v 14.893101 0.113866 1.025136
v 14.979235 0.113866 0.939002
v 13.065369 -0.200000 -2.888730
v 12.979235 -0.113866 -2.888730
v 13.065369 -0.113866 -2.974864
v 12.979235 0.113866 -2.888730
v 13.065369 0.200000 -2.888730
v 13.065369 0.113866 -2.974864
v 14.893101 -0.200000 -2.888730
v 14.893101 -0.113866 -2.974864
v 14.979235 -0.113866 -2.888730
v 14.893101 0.200000 -2.888730
v 14.979235 0.113866 -2.888730
v 14.893101 0.113866 -2.974864
v 13.065369 -0.200000 -1.060998
v 13.065369 -0.113866 -0.974864
v 12.979235 -0.113866 -1.060998
v 13.065369 0.200000 -1.060998
v 12.979235 0.113866 -1.060998
v 13.065369 0.113866 -0.974864
v 14.893101 -0.200000 -1.060998
v 14.979235 -0.113866 -1.060998
v 14.893101 -0.113866 -0.974864
v 14.893101 0.200000 -1.060998
v 14.893101 0.113866 -0.974864
v 14.979235 0.113866 -1.060998
v 13.065369 -0.200000 -4.888730
v 12.979235 -0.113866 -4.888730
v 13.065369 -0.113866 -4.974864
v 12.979235 0.113866 -4.888730
v 13.065369 0.200000 -4.888730
v 13.065369 0.113866 -4.974864
v 14.893101 -0.200000 -4.888730
v 14.893101 -0.113866 -4.974864
v 14.979235 -0.113866 -4.888730
v 14.893101 0.200000 -4.888730
v 14.979235 0.113866 -4.888730
v 14.893101 0.113866 -4.974864
v 13.065369 -0.200000 -3.060998
v 13.065369 -0.113866 -2.974864
v 12.979235 -0.113866 -3.060998
v 13.065369 0.200000 -3.060998
v 12.979235 0.113866 -3.060998
v 13.065369 0.113866 -2.974864
v 14.893101 -0.200000 -3.060998
v 14.979235 -0.113866 -3.060998
v 14.893101 -0.113866 -2.974864
v 14.893101 0.200000 -3.060998
v 14.893101 0.113866 -2.974864
v 14.979235 0.113866 -3.060998
v 13.065369 -0.200000 -6.888731
v 12.979235 -0.113866 -6.888731
v 13.065369 -0.113866 -6.974865
v 12.979235 0.113866 -6.888731
v 13.065369 0.200000 -6.888731
v 13.065369 0.113866 -6.974865
v 14.893101 -0.200000 -6.888731
v 14.893101 -0.113866 -6.974865
v 14.979235 -0.113866 -6.888731
v 14.893101 0.200000 -6.888731
v 14.979235 0.113866 -6.888731
v 14.893101 0.113866 -6.974865
v 13.065369 -0.200000 -5.060999
v 13.065369 -0.113866 -4.974865
v 12.979235 -0.113866 -5.060999
v 13.065369 0.200000 -5.060999
v 12.979235 0.113866 -5.060999
v 13.065369 0.113866 -4.974865
v 14.893101 -0.200000 -5.060999
v 14.979235 -0.113866 -5.060999
v 14.893101 -0.113866 -4.974865
v 14.893101 0.200000 -5.060999
v 14.893101 0.113866 -4.974865
v 14.979235 0.113866 -5.060999
v 13.065369 -0.200000 -8.888731
v 12.979235 -0.113866 -8.888731
v 13.065369 -0.113866 -8.974865
v 12.979235 0.113866 -8.888731
v 13.065369 0.200000 -8.888731
v 13.065369 0.113866 -8.974865
v 14.893101 -0.200000 -8.888731
v 14.893101 -0.113866 -8.974865
v 14.979235 -0.113866 -8.888731
v 14.893101 0.200000 -8.888731
v 14.979235 0.113866 -8.888731
v 14.893101 0.113866 -8.974865
v 13.065369 -0.200000 -7.060999
v 13.065369 -0.113866 -6.974865
v 12.979235 -0.113866 -7.060999
v 13.065369 0.200000 -7.060999
v 12.979235 0.113866 -7.060999
v 13.065369 0.113866 -6.974865
v 14.893101 -0.200000 -7.060999
v 14.979235 -0.113866 -7.060999
v 14.893101 -0.113866 -6.974865
v 14.893101 0.200000 -7.060999
v 14.893101 0.113866 -6.974865
v 14.979235 0.113866 -7.060999
v 13.065369 -0.200000 -10.888731
v 12.979235 -0.113866 -10.888731
v 13.065369 -0.113866 -10.974865
v 12.979235 0.113866 -10.888731
v 13.065369 0.200000 -10.888731
v 13.065369 0.113866 -10.974865
v 14.893101 -0.200000 -10.888731
v 14.893101 -0.113866 -10.974865
v 14.979235 -0.113866 -10.888731
v 14.893101 0.200000 -10.888731
v 14.979235 0.113866 -10.888731
v 14.893101 0.113866 -10.974865
v 13.065369 -0.200000 -9.060999
v 13.065369 -0.113866 -8.974865
v 12.979235 -0.113866 -9.060999
v 13.065369 0.200000 -9.060999
v 12.979235 0.113866 -9.060999
v 13.065369 0.113866 -8.974865
v 14.893101 -0.200000 -9.060999
v 14.979235 -0.113866 -9.060999
v 14.893101 -0.113866 -8.974865
v 14.893101 0.200000 -9.060999
v 14.893101 0.113866 -8.974865
v 14.979235 0.113866 -9.060999
v 11.065368 -0.200000 9.111269
v 10.979234 -0.113866 9.111269
v 11.065368 -0.113866 9.025135
v 10.979234 0.113866 9.111269
v 11.065368 0.200000 9.111269
v 11.065368 0.113866 9.025135
v 12.893100 -0.200000 9.111270
v 12.893100 -0.113866 9.025135
v 12.979234 -0.113866 9.111270
v 12.893100 0.200000 9.111270
v 12.979234 0.113866 9.111270
v 12.893100 0.113866 9.025135
v 11.065368 -0.200000 10.939001
v 11.065368 -0.113866 11.025135
v 10.979234 -0.113866 10.939001
v 11.065368 0.200000 10.939001
v 10.979234 0.113866 10.939001
v 11.065368 0.113866 11.025135
v 12.893100 -0.200000 10.939001
v 12.979234 -0.113866 10.939001
v 12.893100 -0.113866 11.025135
v 12.893100 0.200000 10.939001
v 12.893100 0.113866 11.025135
v 12.979234 0.113866 10.939001
v 11.065368 -0.200000 7.111269
v 10.979234 -0.113866 7.111269
v 11.065368 -0.113866 7.025135
v 10.979234 0.113866 7.111269
v 11.065368 0.200000 7.111269
v 11.065368 0.113866 7.025135
v 12.893100 -0.200000 7.111269
v 12.893100 -0.113866 7.025135
v 12.979234 -0.113866 7.111269
v 12.893100 0.200000 7.111269
v 12.979234 0.113866 7.111269
v 12.893100 0.113866 7.025135
v 11.065368 -0.200000 8.939001
v 11.065368 -0.113866 9.025135
v 10.979234 -0.113866 8.939001
v 11.065368 0.200000 8.939001
v 10.979234 0.113866 8.939001
v 11.065368 0.113866 9.025135
v 12.893100 -0.200000 8.939001
v 12.979234 -0.113866 8.939001
v 12.893100 -0.113866 9.025135
v 12.893100 0.200000 8.939001
v 12.893100 0.113866 9.025135
v 12.979234 0.113866 8.939001
v 11.065368 -0.200000 5.111269
v 10.979234 -0.113866 5.111269
v 11.065368 -0.113866 5.025135
v 10.979234 0.113866 5.111269
v 11.065368 0.200000 5.111269
v 11.065368 0.113866 5.025135
v 12.893100 -0.200000 5.111269
v 12.893100 -0.113866 5.025135
v 12.979234 -0.113866 5.111269
v 12.893100 0.200000 5.111269
v 12.979234 0.113866 5.111269
v 12.893100 0.113866 5.025135
v 11.065368 -0.200000 6.939001
v 11.065368 -0.113866 7.025135
v 10.979234 -0.113866 6.939001
v 11.065368 0.200000 6.939001
v 10.979234 0.113866 6.939001
v 11.065368 0.113866 7.025135
v 12.893100 -0.200000 6.939001
v 12.979234 -0.113866 6.939001
v 12.893100 -0.113866 7.025135
v 12.893100 0.200000 6.939001
v 12.893100 0.113866 7.025135
v 12.979234 0.113866 6.939001
v 11.065368 -0.200000 3.111269
v 10.979234 -0.113866 3.111269
v 11.065368 -0.113866 3.025135
v 10.979234 0.113866 3.111269
v 11.065368 0.200000 3.111269
v 11.065368 0.113866 3.025135
v 12.893100 -0.200000 3.111269
v 12.893100 -0.113866 3.025135
v 12.979235 -0.113866 3.111269
v 12.893100 0.200000 3.111269
v 12.979235 0.113866 3.111269
v 12.893100 0.113866 3.025135
v 11.065368 -0.200000 4.939001
v 11.065368 -0.113866 5.025135
v 10.979234 -0.113866 4.939001
v 11.065368 0.200000 4.939001
v 10.979234 0.113866 4.939001
v 11.065368 0.113866 5.025135
v 12.893100 -0.200000 4.939001
v 12.979234 -0.113866 4.939001
v 12.893100 -0.113866 5.025135
v 12.893100 0.200000 4.939001
v 12.893100 0.113866 5.025135
v 12.979234 0.113866 4.939001
v 11.065369 -0.200000 1.111269
v 10.979235 -0.113866 1.111269
v 11.065369 -0.113866 1.025135
v 10.979235 0.113866 1.111269
v 11.065369 0.200000 1.111269
v 11.065369 0.113866 1.025135
v 12.893100 -0.200000 1.111269
v 12.893100 -0.113866 1.025135
v 12.979235 -0.113866 1.111269
v 12.893100 0.200000 1.111269
v 12.979235 0.113866 1.111269
v 12.893100 0.113866 1.025135
v 11.065368 -0.200000 2.939001
v 11.065368 -0.113866 3.025135
v 10.979234 -0.113866 2.939001
v 11.065368 0.200000 2.939001
v 10.979234 0.113866 2.939001
v 11.065368 0.113866 3.025135
v 12.893100 -0.200000 2.939001
v 12.979235 -0.113866 2.939001
v 12.893100 -0.113866 3.025135
v 12.893100 0.200000 2.939001
v 12.893100 0.113866 3.025135
v 12.979235 0.113866 2.939001
v 11.065369 -0.200000 -0.888731
v 10.979235 -0.113866 -0.888731
v 11.065369 -0.113866 -0.974865
v 10.979235 0.113866 -0.888731
v 11.065369 0.200000 -0.888731
v 11.065369 0.113866 -0.974865
v 12.893101 -0.200000 -0.888731
v 12.893101 -0.113866 -0.974865
v 12.979235 -0.113866 -0.888731
v 12.893101 0.200000 -0.888731
v 12.979235 0.113866 -0.888731
v 12.893101 0.113866 -0.974865
v 11.065369 -0.200000 0.939001
v 11.065369 -0.113866 1.025135
v 10.979235 -0.113866 0.939001
v 11.065369 0.200000 0.939001
v 10.979235 0.113866 0.939001
v 11.065369 0.113866 1.025135
v 12.893100 -0.200000 0.939001
v 12.979235 -0.113866 0.939001
v 12.893100 -0.113866 1.025135
v 12.893100 0.200000 0.939001
v 12.893100 0.113866 1.025135
v 12.979235 0.113866 0.939001
v 11.065369 -0.200000 -2.888731
v 10.979235 -0.113866 -2.888731
v 11.065369 -0.113866 -2.974865
v 10.979235 0.113866 -2.888731
v 11.065369 0.200000 -2.888731
v 11.065369 0.113866 -2.974865
v 12.893101 -0.200000 -2.888731
v 12.893101 -0.113866 -2.974865
v 12.979235 -0.113866 -2.888731
v 12.893101 0.200000 -2.888731
v 12.979235 0.113866 -2.888731
v 12.893101 0.113866 -2.974865
v 11.065369 -0.200000 -1.060999
v 11.065369 -0.113866 -0.974865
v 10.979235 -0.113866 -1.060999
v 11.065369 0.200000 -1.060999
v 10.979235 0.113866 -1.060999
v 11.065369 0.113866 -0.974865
v 12.893101 -0.200000 -1.060999
v 12.979235 -0.113866 -1.060999
v 12.893101 -0.113866 -0.974865
v 12.893101 0.200000 -1.060999
v 12.893101 0.113866 -0.974865
v 12.979235 0.113866 -1.060999
v 11.065369 -0.200000 -4.888731
v 10.979235 -0.113866 -4.888731
v 11.065369 -0.113866 -4.974865
v 10.979235 0.113866 -4.888731
v 11.065369 0.200000 -4.888731
v 11.065369 0.113866 -4.974865
v 12.893101 -0.200000 -4.888731
v 12.893101 -0.113866 -4.974865
v 12.979235 -0.113866 -4.888731
v 12.893101 0.200000 -4.888731
v 12.979235 0.113866 -4.888731
v 12.893101 0.113866 -4.974865
v 11.065369 -0.200000 -3.060999
v 11.065369 -0.113866 -2.974865
v 10.979235 -0.113866 -3.060999
v 11.065369 0.200000 -3.060999
v 10.979235 0.113866 -3.060999
v 11.065369 0.113866 -2.974865
v 12.893101 -0.200000 -3.060999
v 12.979235 -0.113866 -3.060999
v 12.893101 -0.113866 -2.974865
v 12.893101 0.200000 -3.060999
v 12.893101 0.113866 -2.974865
v 12.979235 0.113866 -3.060999
v 11.065369 -0.200000 -6.888733
v 10.979235 -0.113866 -6.888733
v 11.065369 -0.113866 -6.974867
v 10.979235 0.113866 -6.888733
v 11.065369 0.200000 -6.888733
v 11.065369 0.113866 -6.974867
v 12.893101 -0.200000 -6.888733
v 12.893101 -0.113866 -6.974867
v 12.979235 -0.113866 -6.888733
v 12.893101 0.200000 -6.888733
v 12.979235 0.113866 -6.888733
v 12.893101 0.113866 -6.974867
v 11.065369 -0.200000 -5.061000
v 11.065369 -0.113866 -4.974866
v 10.979235 -0.113866 -5.061000
v 11.065369 0.200000 -5.061000
v 10.979235 0.113866 -5.061000
v 11.065369 0.113866 -4.974866
v 12.893101 -0.200000 -5.061000
v 12.979235 -0.113866 -5.061000
v 12.893101 -0.113866 -4.974866
v 12.893101 0.200000 -5.061000
v 12.893101 0.113866 -4.974866
v 12.979235 0.113866 -5.061000
v 11.065369 -0.200000 -8.888733
v 10.979235 -0.113866 -8.888733
v 11.065369 -0.113866 -8.974867
v 10.979235 0.113866 -8.888733
v 11.065369 0.200000 -8.888733
v 11.065369 0.113866 -8.974867
v 12.893101 -0.200000 -8.888733
v 12.893101 -0.113866 -8.974867
v 12.979235 -0.113866 -8.888733
v 12.893101 0.200000 -8.888733
v 12.979235 0.113866 -8.888733
v 12.893101 0.113866 -8.974867
v 11.065369 -0.200000 -7.061001
v 11.065369 -0.113866 -6.974867
v 10.979235 -0.113866 -7.061001
v 11.065369 0.200000 -7.061001
v 10.979235 0.113866 -7.061001
v 11.065369 0.113866 -6.974867
v 12.893101 -0.200000 -7.061001
v 12.979235 -0.113866 -7.061001
v 12.893101 -0.113866 -6.974867
v 12.893101 0.200000 -7.061001
v 12.893101 0.113866 -6.974867
v 12.979235 0.113866 -7.061001
v 11.065369 -0.200000 -10.888733
v 10.979235 -0.113866 -10.888733
v 11.065369 -0.113866 -10.974867
v 10.979235 0.113866 -10.888733
v 11.065369 0.200000 -10.888733
v 11.065369 0.113866 -10.974867
v 12.893101 -0.200000 -10.888733
v 12.893101 -0.113866 -10.974867
v 12.979235 -0.113866 -10.888733
v 12.893101 0.200000 -10.888733
v 12.979235 0.113866 -10.888733
v 12.893101 0.113866 -10.974867
v 11.065369 -0.200000 -9.061001
v 11.065369 -0.113866 -8.974867
v 10.979235 -0.113866 -9.061001
v 11.065369 0.200000 -9.061001
v 10.979235 0.113866 -9.061001
v 11.065369 0.113866 -8.974867
v 12.893101 -0.200000 -9.061001
v 12.979235 -0.113866 -9.061001
v 12.893101 -0.113866 -8.974867
v 12.893101 0.200000 -9.061001
v 12.893101 0.113866 -8.974867
v 12.979235 0.113866 -9.061001
v 9.065368 -0.200000 9.111268
v 8.979234 -0.113866 9.111268
v 9.065368 -0.113866 9.025134
v 8.979234 0.113866 9.111268
v 9.065368 0.200000 9.111268
v 9.065368 0.113866 9.025134
v 10.893100 -0.200000 9.111268
v 10.893100 -0.113866 9.025134
v 10.979234 -0.113866 9.111268
v 10.893100 0.200000 9.111268
v 10.979234 0.113866 9.111268
v 10.893100 0.113866 9.025134
v 9.065368 -0.200000 10.939000
v 9.065368 -0.113866 11.025134
v 8.979234 -0.113866 10.939000
v 9.065368 0.200000 10.939000
v 8.979234 0.113866 10.939000
v 9.065368 0.113866 11.025134
v 10.893100 -0.200000 10.939000
v 10.979234 -0.113866 10.939000
v 10.893100 -0.113866 11.025134
v 10.893100 0.200000 10.939000
v 10.893100 0.113866 11.025134
v 10.979234 0.113866 10.939000
v 9.065368 -0.200000 7.111268
v 8.979234 -0.113866 7.111268
v 9.065368 -0.113866 7.025134
v 8.979234 0.113866 7.111268
v 9.065368 0.200000 7.111268
v 9.065368 0.113866 7.025134
v 10.893100 -0.200000 7.111268
v 10.893100 -0.113866 7.025134
v 10.979234 -0.113866 7.111268
v 10.893100 0.200000 7.111268
v 10.979234 0.113866 7.111268
v 10.893100 0.113866 7.025134
v 9.065368 -0.200000 8.938999
v 9.065368 -0.113866 9.025134
v 8.979234 -0.113866 8.938999
v 9.065368 0.200000 8.938999
v 8.979234 0.113866 8.938999
v 9.065368 0.113866 9.025134
v 10.893100 -0.200000 8.939000
v 10.979234 -0.113866 8.939000
v 10.893100 -0.113866 9.025134
v 10.893100 0.200000 8.939000
v 10.893100 0.113866 9.025134
v 10.979234 0.113866 8.939000
v 9.065368 -0.200000 5.111268
v 8.979234 -0.113866 5.111268
v 9.065368 -0.113866 5.025134
v 8.979234 0.113866 5.111268
v 9.065368 0.200000 5.111268
v 9.065368 0.113866 5.025134
v 10.893100 -0.200000 5.111268
v 10.893100 -0.113866 5.025134
v 10.979234 -0.113866 5.111268
v 10.893100 0.200000 5.111268
v 10.979234 0.113866 5.111268
v 10.893100 0.113866 5.025134
v 9.065368 -0.200000 6.939000
v 9.065368 -0.113866 7.025134
v 8.979234 -0.113866 6.939000
v 9.065368 0.200000 6.939000
v 8.979234 0.113866 6.939000
v 9.065368 0.113866 7.025134
v 10.893100 -0.200000 6.939000
v 10.979234 -0.113866 6.939000
v 10.893100 -0.113866 7.025134
v 10.893100 0.200000 6.939000
v 10.893100 0.113866 7.025134
v 10.979234 0.113866 6.939000
v 9.065369 -0.200000 3.111267
v 8.979235 -0.113866 3.111267
v 9.065369 -0.113866 3.025133
v 8.979235 0.113866 3.111267
v 9.065369 0.200000 3.111267
v 9.065369 0.113866 3.025133
v 10.893100 -0.200000 3.111267
v 10.893100 -0.113866 3.025133
v 10.979234 -0.113866 3.111267
v 10.893100 0.200000 3.111267
v 10.979234 0.113866 3.111267
v 10.893100 0.113866 3.025133
v 9.065368 -0.200000 4.938999
v 9.065368 -0.113866 5.025133
v 8.979234 -0.113866 4.938999
v 9.065368 0.200000 4.938999
v 8.979234 0.113866 4.938999
v 9.065368 0.113866 5.025133
v 10.893100 -0.200000 4.938999
v 10.979234 -0.113866 4.938999
v 10.893100 -0.113866 5.025133
v 10.893100 0.200000 4.938999
v 10.893100 0.113866 5.025133
v 10.979234 0.113866 4.938999
v 9.065369 -0.200000 1.111267
v 8.979235 -0.113866 1.111267
v 9.065369 -0.113866 1.025133
v 8.979235 0.113866 1.111267
v 9.065369 0.200000 1.111267
v 9.065369 0.113866 1.025133
v 10.893101 -0.200000 1.111267
v 10.893101 -0.113866 1.025133
v 10.979235 -0.113866 1.111267
v 10.893101 0.200000 1.111267
v 10.979235 0.113866 1.111267
v 10.893101 0.113866 1.025133
v 9.065369 -0.200000 2.938999
v 9.065369 -0.113866 3.025133
v 8.979235 -0.113866 2.938999
v 9.065369 0.200000 2.938999
v 8.979235 0.113866 2.938999
v 9.065369 0.113866 3.025133
v 10.893100 -0.200000 2.938999
v 10.979234 -0.113866 2.938999
v 10.893100 -0.113866 3.025133
v 10.893100 0.200000 2.938999
v 10.893100 0.113866 3.025133
v 10.979234 0.113866 2.938999
v 9.065369 -0.200000 -0.888733
v 8.979235 -0.113866 -0.888733
v 9.065369 -0.113866 -0.974867
v 8.979235 0.113866 -0.888733
v 9.065369 0.200000 -0.888733
v 9.065369 0.113866 -0.974867
v 10.893101 -0.200000 -0.888733
v 10.893101 -0.113866 -0.974867
v 10.979235 -0.113866 -0.888733
v 10.893101 0.200000 -0.888733
v 10.979235 0.113866 -0.888733
v 10.893101 0.113866 -0.974867
v 9.065369 -0.200000 0.938999
v 9.065369 -0.113866 1.025133
v 8.979235 -0.113866 0.938999
v 9.065369 0.200000 0.938999
v 8.979235 0.113866 0.938999
v 9.065369 0.113866 1.025133
v 10.893101 -0.200000 0.938999
v 10.979235 -0.113866 0.938999
v 10.893101 -0.113866 1.025133
v 10.893101 0.200000 0.938999
v 10.893101 0.113866 1.025133
v 10.979235 0.113866 0.938999
v 9.065369 -0.200000 -2.888733
v 8.979235 -0.113866 -2.888733
v 9.065369 -0.113866 -2.974867
v 8.979235 0.113866 -2.888733
v 9.065369 0.200000 -2.888733
v 9.065369 0.113866 -2.974867
v 10.893101 -0.200000 -2.888733
v 10.893101 -0.113866 -2.974867
v 10.979235 -0.113866 -2.888733
v 10.893101 0.200000 -2.888733
v 10.979235 0.113866 -2.888733
v 10.893101 0.113866 -2.974867
v 9.065369 -0.200000 -1.061001
v 9.065369 -0.113866 -0.974867
v 8.979235 -0.113866 -1.061001
v 9.065369 0.200000 -1.061001
v 8.979235 0.113866 -1.061001
v 9.065369 0.113866 -0.974867
v 10.893101 -0.200000 -1.061001
v 10.979235 -0.113866 -1.061001
v 10.893101 -0.113866 -0.974867
v 10.893101 0.200000 -1.061001
v 10.893101 0.113866 -0.974867
v 10.979235 0.113866 -1.061001
v 9.065369 -0.200000 -4.888733
v 8.979235 -0.113866 -4.888733
v 9.065369 -0.113866 -4.974867
v 8.979235 0.113866 -4.888733
v 9.065369 0.200000 -4.888733
v 9.065369 0.113866 -4.974867
v 10.893101 -0.200000 -4.888733
v 10.893101 -0.113866 -4.974867
v 10.979235 -0.113866 -4.888733
v 10.893101 0.200000 -4.888733
v 10.979235 0.113866 -4.888733
v 10.893101 0.113866 -4.974867
v 9.065369 -0.200000 -3.061001
v 9.065369 -0.113866 -2.974867
v 8.979235 -0.113866 -3.061001
v 9.065369 0.200000 -3.061001
v 8.979235 0.113866 -3.061001
v 9.065369 0.113866 -2.974867
v 10.893101 -0.200000 -3.061001
v 10.979235 -0.113866 -3.061001
v 10.893101 -0.113866 -2.974867
v 10.893101 0.200000 -3.061001
v 10.893101 0.113866 -2.974867
v 10.979235 0.113866 -3.061001
v 9.065369 -0.200000 -6.888733
v 8.979235 -0.113866 -6.888733
v 9.065369 -0.113866 -6.974867
v 8.979235 0.113866 -6.888733
v 9.065369 0.200000 -6.888733
v 9.065369 0.113866 -6.974867
v 10.893101 -0.200000 -6.888733
v 10.893101 -0.113866 -6.974867
v 10.979235 -0.113866 -6.888733
v 10.893101 0.200000 -6.888733
v 10.979235 0.113866 -6.888733
v 10.893101 0.113866 -6.974867
v 9.065369 -0.200000 -5.061002
v 9.065369 -0.113866 -4.974868
v 8.979235 -0.113866 -5.061002
v 9.065369 0.200000 -5.061002
v 8.979235 0.113866 -5.061002
v 9.065369 0.113866 -4.974868
v 10.893101 -0.200000 -5.061002
v 10.979235 -0.113866 -5.061002
v 10.893101 -0.113866 -4.974868
v 10.893101 0.200000 -5.061002
v 10.893101 0.113866 -4.974868
v 10.979235 0.113866 -5.061002
v 9.065369 -0.200000 -8.888733
v 8.979235 -0.113866 -8.888733
v 9.065369 -0.113866 -8.974867
v 8.979235 0.113866 -8.888733
v 9.065369 0.200000 -8.888733
v 9.065369 0.113866 -8.974867
v 10.893101 -0.200000 -8.888733
v 10.893101 -0.113866 -8.974867
v 10.979235 -0.113866 -8.888733
v 10.893101 0.200000 -8.888733
v 10.979235 0.113866 -8.888733
v 10.893101 0.113866 -8.974867
v 9.065369 -0.200000 -7.061001
v 9.065369 -0.113866 -6.974867
v 8.979235 -0.113866 -7.061001
v 9.065369 0.200000 -7.061001
v 8.979235 0.113866 -7.061001
v 9.065369 0.113866 -6.974867
v 10.893101 -0.200000 -7.061001
v 10.979235 -0.113866 -7.061001
v 10.893101 -0.113866 -6.974867
v 10.893101 0.200000 -7.061001
v 10.893101 0.113866 -6.974867
v 10.979235 0.113866 -7.061001
v 9.065369 -0.200000 -10.888733
v 8.979235 -0.113866 -10.888733
v 9.065369 -0.113866 -10.974867
v 8.979235 0.113866 -10.888733
v 9.065369 0.200000 -10.888733
v 9.065369 0.113866 -10.974867
v 10.893101 -0.200000 -10.888733
v 10.893101 -0.113866 -10.974867
v 10.979235 -0.113866 -10.888733
v 10.893101 0.200000 -10.888733
v 10.979235 0.113866 -10.888733
v 10.893101 0.113866 -10.974867
v 9.065369 -0.200000 -9.061001
v 9.065369 -0.113866 -8.974867
v 8.979235 -0.113866 -9.061001
v 9.065369 0.200000 -9.061001
v 8.979235 0.113866 -9.061001
v 9.065369 0.113866 -8.974867
v 10.893101 -0.200000 -9.061001
v 10.979235 -0.113866 -9.061001
v 10.893101 -0.113866 -8.974867
v 10.893101 0.200000 -9.061001
v 10.893101 0.113866 -8.974867
v 10.979235 0.113866 -9.061001
v -10.949536 -0.200000 9.111271
v -11.035670 -0.113866 9.111271
v -10.949536 -0.113866 9.025137
v -11.035670 0.113866 9.111271
v -10.949536 0.200000 9.111271
v -10.949536 0.113866 9.025137
v -9.121804 -0.200000 9.111271
v -9.121804 -0.113866 9.025137
v -9.035670 -0.113866 9.111271
v -9.121804 0.200000 9.111271
v -9.035670 0.113866 9.111271
v -9.121804 0.113866 9.025137
v -10.949536 -0.200000 10.939003
v -10.949536 -0.113866 11.025137
v -11.035670 -0.113866 10.939003
v -10.949536 0.200000 10.939003
v -11.035670 0.113866 10.939003
v -10.949536 0.113866 11.025137
v -9.121804 -0.200000 10.939003
v -9.035670 -0.113866 10.939003
v -9.121804 -0.113866 11.025137
v -9.121804 0.200000 10.939003
v -9.121804 0.113866 11.025137
v -9.035670 0.113866 10.939003
v -10.949536 -0.200000 7.111271
v -11.035670 -0.113866 7.111271
v -10.949536 -0.113866 7.025137
v -11.035670 0.113866 7.111271
v -10.949536 0.200000 7.111271
v -10.949536 0.113866 7.025137
v -9.121804 -0.200000 7.111271
v -9.121804 -0.113866 7.025137
v -9.035670 -0.113866 7.111271
v -9.121804 0.200000 7.111271
v -9.035670 0.113866 7.111271
v -9.121804 0.113866 7.025137
v -10.949536 -0.200000 8.939003
v -10.949536 -0.113866 9.025137
v -11.035670 -0.113866 8.939003
v -10.949536 0.200000 8.939003
v -11.035670 0.113866 8.939003
v -10.949536 0.113866 9.025137
v -9.121804 -0.200000 8.939003
v -9.035670 -0.113866 8.939003
v -9.121804 -0.113866 9.025137
v -9.121804 0.200000 8.939003
v -9.121804 0.113866 9.025137
v -9.035670 0.113866 8.939003
v -10.949536 -0.200000 5.111270
v -11.035670 -0.113866 5.111270
v -10.949536 -0.113866 5.025136
v -11.035670 0.113866 5.111270
v -10.949536 0.200000 5.111270
v -10.949536 0.113866 5.025136
v -9.121804 -0.200000 5.111270
v -9.121804 -0.113866 5.025136
v -9.035670 -0.113866 5.111270
v -9.121804 0.200000 5.111270
v -9.035670 0.113866 5.111270
v -9.121804 0.113866 5.025136
v -10.949536 -0.200000 6.939003
v -10.949536 -0.113866 7.025136
v -11.035670 -0.113866 6.939003
v -10.949536 0.200000 6.939003
v -11.035670 0.113866 6.939003
v -10.949536 0.113866 7.025136
v -9.121804 -0.200000 6.939003
v -9.035670 -0.113866 6.939003
v -9.121804 -0.113866 7.025136
v -9.121804 0.200000 6.939003
v -9.121804 0.113866 7.025136
v -9.035670 0.113866 6.939003
v -10.949536 -0.200000 3.111270
v -11.035670 -0.113866 3.111270
v -10.949536 -0.113866 3.025136
v -11.035670 0.113866 3.111270
v -10.949536 0.200000 3.111270
v -10.949536 0.113866 3.025136
v -9.121804 -0.200000 3.111270
v -9.121804 -0.113866 3.025136
v -9.035670 -0.113866 3.111270
v -9.121804 0.200000 3.111270
v -9.035670 0.113866 3.111270
v -9.121804 0.113866 3.025136
v -10.949536 -0.200000 4.939002
v -10.949536 -0.113866 5.025136
v -11.035670 -0.113866 4.939002
v -10.949536 0.200000 4.939002
v -11.035670 0.113866 4.939002
v -10.949536 0.113866 5.025136
v -9.121804 -0.200000 4.939002
v -9.035670 -0.113866 4.939002
v -9.121804 -0.113866 5.025136
v -9.121804 0.200000 4.939002
v -9.121804 0.113866 5.025136
v -9.035670 0.113866 4.939002
v -10.949536 -0.200000 1.111270
v -11.035670 -0.113866 1.111270
v -10.949536 -0.113866 1.025136
v -11.035670 0.113866 1.111270
v -10.949536 0.200000 1.111270
v -10.949536 0.113866 1.025136
v -9.121804 -0.200000 1.111270
v -9.121804 -0.113866 1.025136
v -9.035670 -0.113866 1.111270
v -9.121804 0.200000 1.111270
v -9.035670 0.113866 1.111270
v -9.121804 0.113866 1.025136
v -10.949536 -0.200000 2.939002
v -10.949536 -0.113866 3.025136
v -11.035670 -0.113866 2.939002
v -10.949536 0.200000 2.939002
v -11.035670 0.113866 2.939002
v -10.949536 0.113866 3.025136
v -9.121804 -0.200000 2.939002
v -9.035670 -0.113866 2.939002
v -9.121804 -0.113866 3.025136
v -9.121804 0.200000 2.939002
v -9.121804 0.113866 3.025136
v -9.035670 0.113866 2.939002
v -10.949536 -0.200000 -0.888730
v -11.035670 -0.113866 -0.888730
v -10.949536 -0.113866 -0.974864
v -11.035670 0.113866 -0.888730
v -10.949536 0.200000 -0.888730
v -10.949536 0.113866 -0.974864
v -9.121804 -0.200000 -0.888730
v -9.121804 -0.113866 -0.974864
v -9.035670 -0.113866 -0.888730
v -9.121804 0.200000 -0.888730
v -9.035670 0.113866 -0.888730
v -9.121804 0.113866 -0.974864
v -10.949536 -0.200000 0.939002
v -10.949536 -0.113866 1.025136
v -11.035670 -0.113866 0.939002
v -10.949536 0.200000 0.939002
v -11.035670 0.113866 0.939002
v -10.949536 0.113866 1.025136
v -9.121804 -0.200000 0.939002
v -9.035670 -0.113866 0.939002
v -9.121804 -0.113866 1.025136
v -9.121804 0.200000 0.939002
v -9.121804 0.113866 1.025136
v -9.035670 0.113866 0.939002
v -10.949536 -0.200000 -2.888730
v -11.035670 -0.113866 -2.888730
v -10.949536 -0.113866 -2.974864
v -11.035670 0.113866 -2.888730
v -10.949536 0.200000 -2.888730
v -10.949536 0.113866 -2.974864
v -9.121804 -0.200000 -2.888730
v -9.121804 -0.113866 -2.974864
v -9.035670 -0.113866 -2.888730
v -9.121804 0.200000 -2.888730
v -9.035670 0.113866 -2.888730
v -9.121804 0.113866 -2.974864
v -10.949536 -0.200000 -1.060998
v -10.949536 -0.113866 -0.974864
v -11.035670 -0.113866 -1.060998
v -10.949536 0.200000 -1.060998
v -11.035670 0.113866 -1.060998
v -10.949536 0.113866 -0.974864
v -9.121804 -0.200000 -1.060998
v -9.035670 -0.113866 -1.060998
v -9.121804 -0.113866 -0.974864
v -9.121804 0.200000 -1.060998
v -9.121804 0.113866 -0.974864
v -9.035670 0.113866 -1.060998
v -10.949536 -0.200000 -4.888730
v -11.035670 -0.113866 -4.888730
v -10.949536 -0.113866 -4.974864
v -11.035670 0.113866 -4.888730
v -10.949536 0.200000 -4.888730
v -10.949536 0.113866 -4.974864
v -9.121804 -0.200000 -4.888730
v -9.121804 -0.113866 -4.974864
v -9.035670 -0.113866 -4.888730
v -9.121804 0.200000 -4.888730
v -9.035670 0.113866 -4.888730
v -9.121804 0.113866 -4.974864
v -10.949536 -0.200000 -3.060998
v -10.949536 -0.113866 -2.974864
v -11.035670 -0.113866 -3.060998
v -10.949536 0.200000 -3.060998
v -11.035670 0.113866 -3.060998
v -10.949536 0.113866 -2.974864
v -9.121804 -0.200000 -3.060998
v -9.035670 -0.113866 -3.060998
v -9.121804 -0.113866 -2.974864
v -9.121804 0.200000 -3.060998
v -9.121804 0.113866 -2.974864
v -9.035670 0.113866 -3.060998
v -10.949536 -0.200000 -6.888731
v -11.035670 -0.113866 -6.888731
v -10.949536 -0.113866 -6.974865
v -11.035670 0.113866 -6.888731
v -10.949536 0.200000 -6.888731
v -10.949536 0.113866 -6.974865
v -9.121804 -0.200000 -6.888731
v -9.121804 -0.113866 -6.974865
v -9.035670 -0.113866 -6.888731
v -9.121804 0.200000 -6.888731
v -9.035670 0.113866 -6.888731
v -9.121804 0.113866 -6.974865
v -10.949536 -0.200000 -5.060999
v -10.949536 -0.113866 -4.974865
v -11.035670 -0.113866 -5.060999
v -10.949536 0.200000 -5.060999
v -11.035670 0.113866 -5.060999
v -10.949536 0.113866 -4.974865
v -9.121804 -0.200000 -5.060999
v -9.035670 -0.113866 -5.060999
v -9.121804 -0.113866 -4.974865
v -9.121804 0.200000 -5.060999
v -9.121804 0.113866 -4.974865
v -9.035670 0.113866 -5.060999
v -10.949536 -0.200000 -8.888731
v -11.035670 -0.113866 -8.888731
v -10.949536 -0.113866 -8.974865
v -11.035670 0.113866 -8.888731
v -10.949536 0.200000 -8.888731
v -10.949536 0.113866 -8.974865
v -9.121804 -0.200000 -8.888731
v -9.121804 -0.113866 -8.974865
v -9.035670 -0.113866 -8.888731
v -9.121804 0.200000 -8.888731
v -9.035670 0.113866 -8.888731
v -9.121804 0.113866 -8.974865
v -10.949536 -0.200000 -7.060999
v -10.949536 -0.113866 -6.974865
v -11.035670 -0.113866 -7.060999
v -10.949536 0.200000 -7.060999
v -11.035670 0.113866 -7.060999
v -10.949536 0.113866 -6.974865
v -9.121804 -0.200000 -7.060999
v -9.035670 -0.113866 -7.060999
v -9.121804 -0.113866 -6.974865
v -9.121804 0.200000 -7.060999
v -9.121804 0.113866 -6.974865
v -9.035670 0.113866 -7.060999
v -10.949534 -0.200000 -10.888731
v -11.035670 -0.113866 -10.888731
v -10.949534 -0.113866 -10.974865
v -11.035670 0.113866 -10.888731
v -10.949534 0.200000 -10.888731
v -10.949534 0.113866 -10.974865
v -9.121804 -0.200000 -10.888731
v -9.121804 -0.113866 -10.974865
v -9.035668 -0.113866 -10.888731
v -9.121804 0.200000 -10.888731
v -9.035668 0.113866 -10.888731
v -9.121804 0.113866 -10.974865
v -10.949536 -0.200000 -9.060999
v -10.949536 -0.113866 -8.974865
v -11.035670 -0.113866 -9.060999
v -10.949536 0.200000 -9.060999
v -11.035670 0.113866 -9.060999
v -10.949536 0.113866 -8.974865
v -9.121804 -0.200000 -9.060999
v -9.035670 -0.113866 -9.060999
v -9.121804 -0.113866 -8.974865
v -9.121804 0.200000 -9.060999
v -9.121804 0.113866 -8.974865
v -9.035670 0.113866 -9.060999
v -12.949536 -0.200000 9.111269
v -13.035670 -0.113866 9.111269
v -12.949536 -0.113866 9.025135
v -13.035670 0.113866 9.111269
v -12.949536 0.200000 9.111269
v -12.949536 0.113866 9.025135
v -11.121804 -0.200000 9.111270
v -11.121804 -0.113866 9.025135
v -11.035670 -0.113866 9.111270
v -11.121804 0.200000 9.111270
v -11.035670 0.113866 9.111270
v -11.121804 0.113866 9.025135
v -12.949536 -0.200000 10.939001
v -12.949536 -0.113866 11.025135
v -13.035670 -0.113866 10.939001
v -12.949536 0.200000 10.939001
v -13.035670 0.113866 10.939001
v -12.949536 0.113866 11.025135
v -11.121804 -0.200000 10.939001
v -11.035670 -0.113866 10.939001
v -11.121804 -0.113866 11.025135
v -11.121804 0.200000 10.939001
v -11.121804 0.113866 11.025135
v -11.035670 0.113866 10.939001
v -12.949536 -0.200000 7.111269
v -13.035670 -0.113866 7.111269
v -12.949536 -0.113866 7.025135
v -13.035670 0.113866 7.111269
v -12.949536 0.200000 7.111269
v -12.949536 0.113866 7.025135
v -11.121804 -0.200000 7.111269
v -11.121804 -0.113866 7.025135
v -11.035670 -0.113866 7.111269
v -11.121804 0.200000 7.111269
v -11.035670 0.113866 7.111269
v -11.121804 0.113866 7.025135
v -12.949536 -0.200000 8.939001
v -12.949536 -0.113866 9.025135
v -13.035670 -0.113866 8.939001
v -12.949536 0.200000 8.939001
v -13.035670 0.113866 8.939001
v -12.949536 0.113866 9.025135
v -11.121804 -0.200000 8.939001
v -11.035670 -0.113866 8.939001
v -11.121804 -0.113866 9.025135
v -11.121804 0.200000 8.939001
v -11.121804 0.113866 9.025135
v -11.035670 0.113866 8.939001
v -12.949536 -0.200000 5.111269
v -13.035670 -0.113866 5.111269
v -12.949536 -0.113866 5.025135
v -13.035670 0.113866 5.111269
v -12.949536 0.200000 5.111269
v -12.949536 0.113866 5.025135
v -11.121804 -0.200000 5.111269
v -11.121804 -0.113866 5.025135
v -11.035670 -0.113866 5.111269
v -11.121804 0.200000 5.111269
v -11.035670 0.113866 5.111269
v -11.121804 0.113866 5.025135
v -12.949536 -0.200000 6.939001
v -12.949536 -0.113866 7.025135
v -13.035670 -0.113866 6.939001
v -12.949536 0.200000 6.939001
v -13.035670 0.113866 6.939001
v -12.949536 0.113866 7.025135
v -11.121804 -0.200000 6.939001
v -11.035670 -0.113866 6.939001
v -11.121804 -0.113866 7.025135
v -11.121804 0.200000 6.939001
v -11.121804 0.113866 7.025135
v -11.035670 0.113866 6.939001
v -12.949536 -0.200000 3.111269
v -13.035670 -0.113866 3.111269
v -12.949536 -0.113866 3.025135
v -13.035670 0.113866 3.111269
v -12.949536 0.200000 3.111269
v -12.949536 0.113866 3.025135
v -11.121804 -0.200000 3.111269
v -11.121804 -0.113866 3.025135
v -11.035670 -0.113866 3.111269
v -11.121804 0.200000 3.111269
v -11.035670 0.113866 3.111269
v -11.121804 0.113866 3.025135
v -12.949536 -0.200000 4.939001
v -12.949536 -0.113866 5.025135
v -13.035670 -0.113866 4.939001
v -12.949536 0.200000 4.939001
v -13.035670 0.113866 4.939001
v -12.949536 0.113866 5.025135
v -11.121804 -0.200000 4.939001
v -11.035670 -0.113866 4.939001
v -11.121804 -0.113866 5.025135
v -11.121804 0.200000 4.939001
v -11.121804 0.113866 5.025135
v -11.035670 0.113866 4.939001
v -12.949536 -0.200000 1.111269
v -13.035670 -0.113866 1.111269
v -12.949536 -0.113866 1.025135
v -13.035670 0.113866 1.111269
v -12.949536 0.200000 1.111269
v -12.949536 0.113866 1.025135
v -11.121804 -0.200000 1.111269
v -11.121804 -0.113866 1.025135
v -11.035670 -0.113866 1.111269
v -11.121804 0.200000 1.111269
v -11.035670 0.113866 1.111269
v -11.121804 0.113866 1.025135
v -12.949536 -0.200000 2.939001
v -12.949536 -0.113866 3.025135
v -13.035670 -0.113866 2.939001
v -12.949536 0.200000 2.939001
v -13.035670 0.113866 2.939001
v -12.949536 0.113866 3.025135
v -11.121804 -0.200000 2.939001
v -11.035670 -0.113866 2.939001
v -11.121804 -0.113866 3.025135
v -11.121804 0.200000 2.939001
v -11.121804 0.113866 3.025135
v -11.035670 0.113866 2.939001
v -12.949536 -0.200000 -0.888731
v -13.035670 -0.113866 -0.888731
v -12.949536 -0.113866 -0.974865
v -13.035670 0.113866 -0.888731
v -12.949536 0.200000 -0.888731
v -12.949536 0.113866 -0.974865
v -11.121804 -0.200000 -0.888731
v -11.121804 -0.113866 -0.974865
v -11.035670 -0.113866 -0.888731
v -11.121804 0.200000 -0.888731
v -11.035670 0.113866 -0.888731
v -11.121804 0.113866 -0.974865
v -12.949536 -0.200000 0.939001
v -12.949536 -0.113866 1.025135
v -13.035670 -0.113866 0.939001
v -12.949536 0.200000 0.939001
v -13.035670 0.113866 0.939001
v -12.949536 0.113866 1.025135
v -11.121804 -0.200000 0.939001
v -11.035670 -0.113866 0.939001
v -11.121804 -0.113866 1.025135
v -11.121804 0.200000 0.939001
v -11.121804 0.113866 1.025135
v -11.035670 0.113866 0.939001
v -12.949536 -0.200000 -2.888731
v -13.035670 -0.113866 -2.888731
v -12.949536 -0.113866 -2.974865
v -13.035670 0.113866 -2.888731
v -12.949536 0.200000 -2.888731
v -12.949536 0.113866 -2.974865
v -11.121804 -0.200000 -2.888731
v -11.121804 -0.113866 -2.974865
v -11.035670 -0.113866 -2.888731
v -11.121804 0.200000 -2.888731
v -11.035670 0.113866 -2.888731
v -11.121804 0.113866 -2.974865
v -12.949536 -0.200000 -1.060999
v -12.949536 -0.113866 -0.974865
v -13.035670 -0.113866 -1.060999
v -12.949536 0.200000 -1.060999
v -13.035670 0.113866 -1.060999
v -12.949536 0.113866 -0.974865
v -11.121804 -0.200000 -1.060999
v -11.035670 -0.113866 -1.060999
v -11.121804 -0.113866 -0.974865
v -11.121804 0.200000 -1.060999
v -11.121804 0.113866 -0.974865
v -11.035670 0.113866 -1.060999
v -12.949536 -0.200000 -4.888731
v -13.035670 -0.113866 -4.888731
v -12.949536 -0.113866 -4.974865
v -13.035670 0.113866 -4.888731
v -12.949536 0.200000 -4.888731
v -12.949536 0.113866 -4.974865
v -11.121804 -0.200000 -4.888731
v -11.121804 -0.113866 -4.974865
v -11.035670 -0.113866 -4.888731
v -11.121804 0.200000 -4.888731
v -11.035670 0.113866 -4.888731
v -11.121804 0.113866 -4.974865
v -12.949536 -0.200000 -3.060999
v -12.949536 -0.113866 -2.974865
v -13.035670 -0.113866 -3.060999
v -12.949536 0.200000 -3.060999
v -13.035670 0.113866 -3.060999
v -12.949536 0.113866 -2.974865
v -11.121804 -0.200000 -3.060999
v -11.035670 -0.113866 -3.060999
v -11.121804 -0.113866 -2.974865
v -11.121804 0.200000 -3.060999
v -11.121804 0.113866 -2.974865
v -11.035670 0.113866 -3.060999
v -12.949536 -0.200000 -6.888733
v -13.035670 -0.113866 -6.888733
v -12.949536 -0.113866 -6.974867
v -13.035670 0.113866 -6.888733
v -12.949536 0.200000 -6.888733
v -12.949536 0.113866 -6.974867
v -11.121804 -0.200000 -6.888733
v -11.121804 -0.113866 -6.974867
v -11.035670 -0.113866 -6.888733
v -11.121804 0.200000 -6.888733
v -11.035670 0.113866 -6.888733
v -11.121804 0.113866 -6.974867
v -12.949536 -0.200000 -5.061000
v -12.949536 -0.113866 -4.974866
v -13.035670 -0.113866 -5.061000
v -12.949536 0.200000 -5.061000
v -13.035670 0.113866 -5.061000
v -12.949536 0.113866 -4.974866
v -11.121804 -0.200000 -5.061000
v -11.035670 -0.113866 -5.061000
v -11.121804 -0.113866 -4.974866
v -11.121804 0.200000 -5.061000
v -11.121804 0.113866 -4.974866
v -11.035670 0.113866 -5.061000
v -12.949536 -0.200000 -8.888733
v -13.035670 -0.113866 -8.888733
v -12.949536 -0.113866 -8.974867
v -13.035670 0.113866 -8.888733
v -12.949536 0.200000 -8.888733
v -12.949536 0.113866 -8.974867
v -11.121804 -0.200000 -8.888733
v -11.121804 -0.113866 -8.974867
v -11.035670 -0.113866 -8.888733
v -11.121804 0.200000 -8.888733
v -11.035670 0.113866 -8.888733
v -11.121804 0.113866 -8.974867
v -12.949536 -0.200000 -7.061001
v -12.949536 -0.113866 -6.974867
v -13.035670 -0.113866 -7.061001
v -12.949536 0.200000 -7.061001
v -13.035670 0.113866 -7.061001
v -12.949536 0.113866 -6.974867
v -11.121804 -0.200000 -7.061001
v -11.035670 -0.113866 -7.061001
v -11.121804 -0.113866 -6.974867
v -11.121804 0.200000 -7.061001
v -11.121804 0.113866 -6.974867
v -11.035670 0.113866 -7.061001
v -12.949536 -0.200000 -10.888733
v -13.035668 -0.113866 -10.888733
v -12.949536 -0.113866 -10.974867
v -13.035668 0.113866 -10.888733
v -12.949536 0.200000 -10.888733
v -12.949536 0.113866 -10.974867
v -11.121804 -0.200000 -10.888733
v -11.121804 -0.113866 -10.974867
v -11.035670 -0.113866 -10.888733
v -11.121804 0.200000 -10.888733
v -11.035670 0.113866 -10.888733
v -11.121804 0.113866 -10.974867
v -12.949536 -0.200000 -9.061001
v -12.949536 -0.113866 -8.974867
v -13.035670 -0.113866 -9.061001
v -12.949536 0.200000 -9.061001
v -13.035670 0.113866 -9.061001
v -12.949536 0.113866 -8.974867
v -11.121804 -0.200000 -9.061001
v -11.035670 -0.113866 -9.061001
v -11.121804 -0.113866 -8.974867
v -11.121804 0.200000 -9.061001
v -11.121804 0.113866 -8.974867
v -11.035670 0.113866 -9.061001
v -14.949536 -0.200000 9.111268
v -15.035670 -0.113866 9.111268
v -14.949536 -0.113866 9.025134
v -15.035670 0.113866 9.111268
v -14.949536 0.200000 9.111268
v -14.949536 0.113866 9.025134
v -13.121804 -0.200000 9.111268
v -13.121804 -0.113866 9.025134
v -13.035670 -0.113866 9.111268
v -13.121804 0.200000 9.111268
v -13.035670 0.113866 9.111268
v -13.121804 0.113866 9.025134
v -14.949536 -0.200000 10.939000
v -14.949536 -0.113866 11.025134
v -15.035670 -0.113866 10.939000
v -14.949536 0.200000 10.939000
v -15.035670 0.113866 10.939000
v -14.949536 0.113866 11.025134
v -13.121804 -0.200000 10.939000
v -13.035670 -0.113866 10.939000
v -13.121804 -0.113866 11.025134
v -13.121804 0.200000 10.939000
v -13.121804 0.113866 11.025134
v -13.035670 0.113866 10.939000
v -14.949536 -0.200000 7.111268
v -15.035670 -0.113866 7.111268
v -14.949536 -0.113866 7.025134
v -15.035670 0.113866 7.111268
v -14.949536 0.200000 7.111268
v -14.949536 0.113866 7.025134
v -13.121804 -0.200000 7.111268
v -13.121804 -0.113866 7.025134
v -13.035670 -0.113866 7.111268
v -13.121804 0.200000 7.111268
v -13.035670 0.113866 7.111268
v -13.121804 0.113866 7.025134
v -14.949536 -0.200000 8.938999
v -14.949536 -0.113866 9.025134
v -15.035670 -0.113866 8.938999
v -14.949536 0.200000 8.938999
v -15.035670 0.113866 8.938999
v -14.949536 0.113866 9.025134
v -13.121804 -0.200000 8.939000
v -13.035670 -0.113866 8.939000
v -13.121804 -0.113866 9.025134
v -13.121804 0.200000 8.939000
v -13.121804 0.113866 9.025134
v -13.035670 0.113866 8.939000
v -14.949536 -0.200000 5.111268
v -15.035670 -0.113866 5.111268
v -14.949536 -0.113866 5.025134
v -15.035670 0.113866 5.111268
v -14.949536 0.200000 5.111268
v -14.949536 0.113866 5.025134
v -13.121804 -0.200000 5.111268
v -13.121804 -0.113866 5.025134
v -13.035670 -0.113866 5.111268
v -13.121804 0.200000 5.111268
v -13.035670 0.113866 5.111268
v -13.121804 0.113866 5.025134
v -14.949536 -0.200000 6.939000
v -14.949536 -0.113866 7.025134
v -15.035670 -0.113866 6.939000
v -14.949536 0.200000 6.939000
v -15.035670 0.113866 6.939000
v -14.949536 0.113866 7.025134
v -13.121804 -0.200000 6.939000
v -13.035670 -0.113866 6.939000
v -13.121804 -0.113866 7.025134
v -13.121804 0.200000 6.939000
v -13.121804 0.113866 7.025134
v -13.035670 0.113866 6.939000
v -14.949536 -0.200000 3.111267
v -15.035670 -0.113866 3.111267
v -14.949536 -0.113866 3.025133
v -15.035670 0.113866 3.111267
v -14.949536 0.200000 3.111267
v -14.949536 0.113866 3.025133
v -13.121804 -0.200000 3.111267
v -13.121804 -0.113866 3.025133
v -13.035670 -0.113866 3.111267
v -13.121804 0.200000 3.111267
v -13.035670 0.113866 3.111267
v -13.121804 0.113866 3.025133
v -14.949536 -0.200000 4.938999
v -14.949536 -0.113866 5.025133
v -15.035670 -0.113866 4.938999
v -14.949536 0.200000 4.938999
v -15.035670 0.113866 4.938999
v -14.949536 0.113866 5.025133
v -13.121804 -0.200000 4.938999
v -13.035670 -0.113866 4.938999
v -13.121804 -0.113866 5.025133
v -13.121804 0.200000 4.938999
v -13.121804 0.113866 5.025133
v -13.035670 0.113866 4.938999
v -14.949536 -0.200000 1.111267
v -15.035670 -0.113866 1.111267
v -14.949536 -0.113866 1.025133
v -15.035670 0.113866 1.111267
v -14.949536 0.200000 1.111267
v -14.949536 0.113866 1.025133
v -13.121804 -0.200000 1.111267
v -13.121804 -0.113866 1.025133
v -13.035670 -0.113866 1.111267
v -13.121804 0.200000 1.111267
v -13.035670 0.113866 1.111267
v -13.121804 0.113866 1.025133
v -14.949536 -0.200000 2.938999
v -14.949536 -0.113866 3.025133
v -15.035670 -0.113866 2.938999
v -14.949536 0.200000 2.938999
v -15.035670 0.113866 2.938999
v -14.949536 0.113866 3.025133
v -13.121804 -0.200000 2.938999
v -13.035670 -0.113866 2.938999
v -13.121804 -0.113866 3.025133
v -13.121804 0.200000 2.938999
v -13.121804 0.113866 3.025133
v -13.035670 0.113866 2.938999
v -14.949536 -0.200000 -0.888733
v -15.035670 -0.113866 -0.888733
v -14.949536 -0.113866 -0.974867
v -15.035670 0.113866 -0.888733
v -14.949536 0.200000 -0.888733
v -14.949536 0.113866 -0.974867
v -13.121804 -0.200000 -0.888733
v -13.121804 -0.113866 -0.974867
v -13.035670 -0.113866 -0.888733
v -13.121804 0.200000 -0.888733
v -13.035670 0.113866 -0.888733
v -13.121804 0.113866 -0.974867
v -14.949536 -0.200000 0.938999
v -14.949536 -0.113866 1.025133
v -15.035670 -0.113866 0.938999
v -14.949536 0.200000 0.938999
v -15.035670 0.113866 0.938999
v -14.949536 0.113866 1.025133
v -13.121804 -0.200000 0.938999
v -13.035670 -0.113866 0.938999
v -13.121804 -0.113866 1.025133
v -13.121804 0.200000 0.938999
v -13.121804 0.113866 1.025133
v -13.035670 0.113866 0.938999
v -14.949536 -0.200000 -2.888733
v -15.035670 -0.113866 -2.888733
v -14.949536 -0.113866 -2.974867
v -15.035670 0.113866 -2.888733
v -14.949536 0.200000 -2.888733
v -14.949536 0.113866 -2.974867
v -13.121804 -0.200000 -2.888733
v -13.121804 -0.113866 -2.974867
v -13.035670 -0.113866 -2.888733
v -13.121804 0.200000 -2.888733
v -13.035670 0.113866 -2.888733
v -13.121804 0.113866 -2.974867
v -14.949536 -0.200000 -1.061001
v -14.949536 -0.113866 -0.974867
v -15.035670 -0.113866 -1.061001
v -14.949536 0.200000 -1.061001
v -15.035670 0.113866 -1.061001
v -14.949536 0.113866 -0.974867
v -13.121804 -0.200000 -1.061001
v -13.035670 -0.113866 -1.061001
v -13.121804 -0.113866 -0.974867
v -13.121804 0.200000 -1.061001
v -13.121804 0.113866 -0.974867
v -13.035670 0.113866 -1.061001
v -14.949536 -0.200000 -4.888733
v -15.035670 -0.113866 -4.888733
v -14.949536 -0.113866 -4.974867
v -15.035670 0.113866 -4.888733
v -14.949536 0.200000 -4.888733
v -14.949536 0.113866 -4.974867
v -13.121804 -0.200000 -4.888733
v -13.121804 -0.113866 -4.974867
v -13.035670 -0.113866 -4.888733
v -13.121804 0.200000 -4.888733
v -13.035670 0.113866 -4.888733
v -13.121804 0.113866 -4.974867
v -14.949536 -0.200000 -3.061001
v -14.949536 -0.113866 -2.974867
v -15.035670 -0.113866 -3.061001
v -14.949536 0.200000 -3.061001
v -15.035670 0.113866 -3.061001
v -14.949536 0.113866 -2.974867
v -13.121804 -0.200000 -3.061001
v -13.035670 -0.113866 -3.061001
v -13.121804 -0.113866 -2.974867
v -13.121804 0.200000 -3.061001
v -13.121804 0.113866 -2.974867
v -13.035670 0.113866 -3.061001
v -14.949536 -0.200000 -6.888733
v -15.035668 -0.113866 -6.888733
v -14.949536 -0.113866 -6.974867
v -15.035668 0.113866 -6.888733
v -14.949536 0.200000 -6.888733
v -14.949536 0.113866 -6.974867
v -13.121804 -0.200000 -6.888733
v -13.121804 -0.113866 -6.974867
v -13.035670 -0.113866 -6.888733
v -13.121804 0.200000 -6.888733
v -13.035670 0.113866 -6.888733
v -13.121804 0.113866 -6.974867
v -14.949536 -0.200000 -5.061002
v -14.949536 -0.113866 -4.974868
v -15.035670 -0.113866 -5.061002
v -14.949536 0.200000 -5.061002
v -15.035670 0.113866 -5.061002
v -14.949536 0.113866 -4.974868
v -13.121804 -0.200000 -5.061002
v -13.035670 -0.113866 -5.061002
v -13.121804 -0.113866 -4.974868
v -13.121804 0.200000 -5.061002
v -13.121804 0.113866 -4.974868
v -13.035670 0.113866 -5.061002
v -14.949536 -0.200000 -8.888733
v -15.035668 -0.113866 -8.888733
v -14.949536 -0.113866 -8.974867
v -15.035668 0.113866 -8.888733
v -14.949536 0.200000 -8.888733
v -14.949536 0.113866 -8.974867
v -13.121804 -0.200000 -8.888733
v -13.121804 -0.113866 -8.974867
v -13.035670 -0.113866 -8.888733
v -13.121804 0.200000 -8.888733
v -13.035670 0.113866 -8.888733
v -13.121804 0.113866 -8.974867
v -14.949536 -0.200000 -7.061001
v -14.949536 -0.113866 -6.974867
v -15.035668 -0.113866 -7.061001
v -14.949536 0.200000 -7.061001
v -15.035668 0.113866 -7.061001
v -14.949536 0.113866 -6.974867
v -13.121804 -0.200000 -7.061001
v -13.035670 -0.113866 -7.061001
v -13.121804 -0.113866 -6.974867
v -13.121804 0.200000 -7.061001
v -13.121804 0.113866 -6.974867
v -13.035670 0.113866 -7.061001
v -14.949536 -0.200000 -10.888733
v -15.035668 -0.113866 -10.888733
v -14.949536 -0.113866 -10.974867
v -15.035668 0.113866 -10.888733
v -14.949536 0.200000 -10.888733
v -14.949536 0.113866 -10.974867
v -13.121804 -0.200000 -10.888733
v -13.121804 -0.113866 -10.974867
v -13.035668 -0.113866 -10.888733
v -13.121804 0.200000 -10.888733
v -13.035668 0.113866 -10.888733
v -13.121804 0.113866 -10.974867
v -14.949536 -0.200000 -9.061001
v -14.949536 -0.113866 -8.974867
v -15.035668 -0.113866 -9.061001
v -14.949536 0.200000 -9.061001
v -15.035668 0.113866 -9.061001
v -14.949536 0.113866 -8.974867
v -13.121804 -0.200000 -9.061001
v -13.035670 -0.113866 -9.061001
v -13.121804 -0.113866 -8.974867
v -13.121804 0.200000 -9.061001
v -13.121804 0.113866 -8.974867
v -13.035670 0.113866 -9.061001
vn -0.0000 -0.0000 1.0000
vn 1.0000 -0.0000 -0.0000
vn -0.0000 1.0000 -0.0000
vn -1.0000 -0.0000 -0.0000
vn -0.0000 -0.0000 -1.0000
vn -0.5774 -0.5774 0.5774
vn -0.5774 0.5774 0.5774
vn -0.5774 -0.5774 -0.5774
vn -0.5774 0.5774 -0.5774
vn 0.5774 -0.5774 0.5774
vn 0.5774 0.5774 0.5774
vn 0.5774 -0.5774 -0.5774
vn 0.5774 0.5774 -0.5774
vn -0.7071 -0.7071 -0.0000
vn -0.7071 -0.0000 0.7071
vn -0.7071 0.7071 -0.0000
vn -0.7071 -0.0000 -0.7071
vn -0.0000 -0.7071 -0.7071
vn -0.0000 0.7071 -0.7071
vn 0.7071 -0.0000 -0.7071
vn 0.7071 -0.7071 -0.0000
vn 0.7071 0.7071 -0.0000
vn 0.7071 -0.0000 0.7071
vn -0.0000 -0.7071 0.7071
vn -0.0000 0.7071 0.7071
vn -0.0000 -1.0000 -0.0000
vn -0.5773 -0.5774 0.5773
vn -0.5773 0.5774 0.5773
vn -0.5774 -0.5774 -0.5773
vn -0.5774 0.5774 -0.5773
vn 0.5773 -0.5774 0.5773
vn 0.5773 0.5774 0.5773
vn 0.5773 -0.5774 -0.5773
vn 0.5773 0.5774 -0.5773
vn -0.5773 -0.5774 -0.5773
vn -0.5773 0.5774 -0.5773
vn -0.5773 -0.5773 0.5774
vn -0.5773 0.5773 0.5774
vn -0.5773 -0.5773 -0.5774
vn -0.5773 0.5773 -0.5774
vn 0.5773 -0.5773 0.5774
vn 0.5773 0.5773 0.5774
vn 0.5773 -0.5773 -0.5774
vn 0.5773 0.5773 -0.5774
vn 0.5774 -0.5774 -0.5773
vn 0.5774 0.5774 -0.5773
vn -0.5773 -0.5774 0.5774
vn -0.5773 0.5774 0.5774
vn -0.5773 -0.5774 -0.5774
vn -0.5773 0.5774 -0.5774
vn -0.5774 -0.5774 0.5773
vn -0.5774 0.5774 0.5773
vn 0.5774 -0.5774 0.5773
vn 0.5774 0.5774 0.5773
vn -0.5774 -0.5773 0.5773
vn -0.5774 0.5773 0.5773
vn 0.5773 -0.5774 0.5774
vn 0.5773 0.5774 0.5774
vn 0.5773 -0.5774 -0.5774
vn 0.5773 0.5774 -0.5774
vn -0.5774 -0.5773 -0.5773
vn -0.5774 0.5773 -0.5773
vn -0.5774 -0.5773 -0.5774
vn -0.5774 0.5773 -0.5774
vn 0.5774 -0.5773 -0.5774
vn 0.5774 0.5773 -0.5774
vn -0.5774 -0.5773 0.5774
vn -0.5774 0.5773 0.5774
vn 0.5774 -0.5773 0.5774
vn 0.5774 0.5773 0.5774
vn 0.5774 -0.5773 0.5773
vn 0.5774 0.5773 0.5773
vn 0.5774 -0.5773 -0.5773
vn 0.5774 0.5773 -0.5773
vt 0.428834 0.760767
vt 0.571166 0.760767
vt 0.571166 0.989233
vt 0.428834 0.989233
vt 0.428834 0.510767
vt 0.571166 0.510767
vt 0.571166 0.739233
vt 0.428834 0.739233
vt 0.635767 0.510767
vt 0.864233 0.510767
vt 0.864233 0.739233
vt 0.635767 0.739233
vt 0.428834 0.010767
vt 0.571166 0.010767
vt 0.571166 0.239233
vt 0.428834 0.239233
vt 0.428834 0.260767
vt 0.571166 0.260767
vt 0.571166 0.489233
vt 0.428834 0.489233
vt 0.135767 0.739233
vt 0.135767 0.750000
vt 0.125000 0.739233
vt 0.571166 0.000000
vt 0.625000 0.010767
vt 0.135767 0.510767
vt 0.125000 0.510767
vt 0.135767 0.500000
vt 0.625000 0.239233
vt 0.571166 0.250000
vt 0.364233 0.739233
vt 0.375000 0.739233
vt 0.364233 0.750000
vt 0.625000 0.760767
vt 0.571166 0.750000
vt 0.364233 0.510767
vt 0.364233 0.500000
vt 0.375000 0.510767
vt 0.625000 0.489233
vt 0.571166 0.500000
vt 0.428834 0.000000
vt 0.625000 0.260767
vt 0.625000 0.989233
s 0
usemtl Material.002
f 31/19/10 33/20/10 20/21/10 18/22/10
f 37/23/11 39/24/11 34/25/11 30/26/11
f 38/27/12 26/28/12 21/29/12 32/30/12
f 19/31/13 22/32/13 28/33/13 24/34/13
f 25/35/14 27/36/14 40/37/14 36/38/14
f 17/39/15 18/40/15 19/41/15
f 20/42/16 21/43/16 22/32/16
f 23/44/17 24/45/17 25/46/17
f 26/47/18 27/48/18 28/33/18
f 29/49/19 30/50/19 31/51/19
f 32/52/20 33/20/20 34/53/20
f 35/54/21 36/55/21 37/56/21
f 38/57/22 39/58/22 40/37/22
f 23/44/23 17/39/23 19/41/23 24/45/23
f 18/59/24 20/42/24 22/32/24 19/31/24
f 21/43/25 26/47/25 28/33/25 22/32/25
f 27/36/26 25/35/26 24/34/26 28/33/26
f 35/54/27 23/44/27 25/46/27 36/55/27
f 26/60/28 38/57/28 40/37/28 27/36/28
f 39/24/29 37/23/29 36/38/29 40/37/29
f 29/49/30 35/54/30 37/23/30 30/26/30
f 38/27/31 32/30/31 34/25/31 39/24/31
f 33/20/32 31/19/32 30/26/32 34/25/32
f 17/39/33 29/49/33 31/51/33 18/40/33
f 32/52/34 21/61/34 20/21/34 33/20/34
f 23/44/35 35/54/35 29/49/35 17/39/35
f 55/19/10 57/20/10 44/21/10 42/22/10
f 61/23/11 63/24/11 58/25/11 54/26/11
f 62/27/12 50/28/12 45/29/12 56/30/12
f 43/31/13 46/32/13 52/33/13 48/34/13
f 49/35/14 51/36/14 64/37/14 60/38/14
f 41/39/36 42/40/36 43/41/36
f 44/42/37 45/43/37 46/32/37
f 47/44/38 48/45/38 49/46/38
f 50/47/39 51/48/39 52/33/39
f 53/49/40 54/50/40 55/51/40
f 56/52/41 57/20/41 58/53/41
f 59/54/42 60/55/42 61/56/42
f 62/57/43 63/58/43 64/37/43
f 47/44/23 41/39/23 43/41/23 48/45/23
f 42/59/24 44/42/24 46/32/24 43/31/24
f 45/43/25 50/47/25 52/33/25 46/32/25
f 51/36/26 49/35/26 48/34/26 52/33/26
f 59/54/27 47/44/27 49/46/27 60/55/27
f 50/60/28 62/57/28 64/37/28 51/36/28
f 63/24/29 61/23/29 60/38/29 64/37/29
f 53/49/30 59/54/30 61/23/30 54/26/30
f 62/27/31 56/30/31 58/25/31 63/24/31
f 57/20/32 55/19/32 54/26/32 58/25/32
f 41/39/33 53/49/33 55/51/33 42/40/33
f 56/52/34 45/61/34 44/21/34 57/20/34
f 47/44/35 59/54/35 53/49/35 41/39/35
f 79/19/10 81/20/10 68/21/10 66/22/10
f 85/23/11 87/24/11 82/25/11 78/26/11
f 86/27/12 74/28/12 69/29/12 80/30/12
f 67/31/13 70/32/13 76/33/13 72/34/13
f 73/35/14 75/36/14 88/37/14 84/38/14
f 65/39/36 66/40/36 67/41/36
f 68/42/37 69/43/37 70/32/37
f 71/44/44 72/45/44 73/46/44
f 74/47/45 75/48/45 76/33/45
f 77/49/40 78/50/40 79/51/40
f 80/52/41 81/20/41 82/53/41
f 83/54/42 84/55/42 85/56/42
f 86/57/43 87/58/43 88/37/43
f 71/44/23 65/39/23 67/41/23 72/45/23
f 66/59/24 68/42/24 70/32/24 67/31/24
f 69/43/25 74/47/25 76/33/25 70/32/25
f 75/36/26 73/35/26 72/34/26 76/33/26
f 83/54/27 71/44/27 73/46/27 84/55/27
f 74/60/28 86/57/28 88/37/28 75/36/28
f 87/24/29 85/23/29 84/38/29 88/37/29
f 77/49/30 83/54/30 85/23/30 78/26/30
f 86/27/31 80/30/31 82/25/31 87/24/31
f 81/20/32 79/19/32 78/26/32 82/25/32
f 65/39/33 77/49/33 79/51/33 66/40/33
f 80/52/34 69/61/34 68/21/34 81/20/34
f 71/44/35 83/54/35 77/49/35 65/39/35
f 103/19/10 105/20/10 92/21/10 90/22/10
f 109/23/11 111/24/11 106/25/11 102/26/11
f 110/27/12 98/28/12 93/29/12 104/30/12
f 91/31/13 94/32/13 100/33/13 96/34/13
f 97/35/14 99/36/14 112/37/14 108/38/14
f 89/39/46 90/40/46 91/41/46
f 92/42/47 93/43/47 94/32/47
f 95/44/48 96/45/48 97/46/48
f 98/47/49 99/48/49 100/33/49
f 101/49/50 102/50/50 103/51/50
f 104/52/51 105/20/51 106/53/51
f 107/54/52 108/55/52 109/56/52
f 110/57/53 111/58/53 112/37/53
f 95/44/23 89/39/23 91/41/23 96/45/23
f 90/59/24 92/42/24 94/32/24 91/31/24
f 93/43/25 98/47/25 100/33/25 94/32/25
f 99/36/26 97/35/26 96/34/26 100/33/26
f 107/54/27 95/44/27 97/46/27 108/55/27
f 98/60/28 110/57/28 112/37/28 99/36/28
f 111/24/29 109/23/29 108/38/29 112/37/29
f 101/49/30 107/54/30 109/23/30 102/26/30
f 110/27/31 104/30/31 106/25/31 111/24/31
f 105/20/32 103/19/32 102/26/32 106/25/32
f 89/39/33 101/49/33 103/51/33 90/40/33
f 104/52/34 93/61/34 92/21/34 105/20/34
f 95/44/35 107/54/35 101/49/35 89/39/35
f 127/19/10 129/20/10 116/21/10 114/22/10
f 133/23/11 135/24/11 130/25/11 126/26/11
f 134/27/12 122/28/12 117/29/12 128/30/12
f 115/31/13 118/32/13 124/33/13 120/34/13
f 121/35/14 123/36/14 136/37/14 132/38/14
f 113/39/46 114/40/46 115/41/46
f 116/42/47 117/43/47 118/32/47
f 119/44/48 120/45/48 121/46/48
f 122/47/49 123/48/49 124/33/49
f 125/49/40 126/50/40 127/51/40
f 128/52/41 129/20/41 130/53/41
f 131/54/54 132/55/54 133/56/54
f 134/57/55 135/58/55 136/37/55
f 119/44/23 113/39/23 115/41/23 120/45/23
f 114/59/24 116/42/24 118/32/24 115/31/24
f 117/43/25 122/47/25 124/33/25 118/32/25
f 123/36/26 121/35/26 120/34/26 124/33/26
f 131/54/27 119/44/27 121/46/27 132/55/27
f 122/60/28 134/57/28 136/37/28 123/36/28
f 135/24/29 133/23/29 132/38/29 136/37/29
f 125/49/30 131/54/30 133/23/30 126/26/30
f 134/27/31 128/30/31 130/25/31 135/24/31
f 129/20/32 127/19/32 126/26/32 130/25/32
f 113/39/33 125/49/33 127/51/33 114/40/33
f 128/52/34 117/61/34 116/21/34 129/20/34
f 119/44/35 131/54/35 125/49/35 113/39/35
f 151/19/10 153/20/10 140/21/10 138/22/10
f 157/23/11 159/24/11 154/25/11 150/26/11
f 158/27/12 146/28/12 141/29/12 152/30/12
f 139/31/13 142/32/13 148/33/13 144/34/13
f 145/35/14 147/36/14 160/37/14 156/38/14
f 137/39/56 138/40/56 139/41/56
f 140/42/57 141/43/57 142/32/57
f 143/44/58 144/45/58 145/46/58
f 146/47/59 147/48/59 148/33/59
f 149/49/40 150/50/40 151/51/40
f 152/52/41 153/20/41 154/53/41
f 155/54/42 156/55/42 157/56/42
f 158/57/43 159/58/43 160/37/43
f 143/44/23 137/39/23 139/41/23 144/45/23
f 138/59/24 140/42/24 142/32/24 139/31/24
f 141/43/25 146/47/25 148/33/25 142/32/25
f 147/36/26 145/35/26 144/34/26 148/33/26
f 155/54/27 143/44/27 145/46/27 156/55/27
f 146/60/28 158/57/28 160/37/28 147/36/28
f 159/24/29 157/23/29 156/38/29 160/37/29
f 149/49/30 155/54/30 157/23/30 150/26/30
f 158/27/31 152/30/31 154/25/31 159/24/31
f 153/20/32 151/19/32 150/26/32 154/25/32
f 137/39/33 149/49/33 151/51/33 138/40/33
f 152/52/34 141/61/34 140/21/34 153/20/34
f 143/44/35 155/54/35 149/49/35 137/39/35
f 175/19/10 177/20/10 164/21/10 162/22/10
f 181/23/11 183/24/11 178/25/11 174/26/11
f 182/27/12 170/28/12 165/29/12 176/30/12
f 163/31/13 166/32/13 172/33/13 168/34/13
f 169/35/14 171/36/14 184/37/14 180/38/14
f 161/39/60 162/40/60 163/41/60
f 164/42/61 165/43/61 166/32/61
f 167/44/38 168/45/38 169/46/38
f 170/47/39 171/48/39 172/33/39
f 173/49/62 174/50/62 175/51/62
f 176/52/63 177/20/63 178/53/63
f 179/54/54 180/55/54 181/56/54
f 182/57/55 183/58/55 184/37/55
f 167/44/23 161/39/23 163/41/23 168/45/23
f 162/59/24 164/42/24 166/32/24 163/31/24
f 165/43/25 170/47/25 172/33/25 166/32/25
f 171/36/26 169/35/26 168/34/26 172/33/26
f 179/54/27 167/44/27 169/46/27 180/55/27
f 170/60/28 182/57/28 184/37/28 171/36/28
f 183/24/29 181/23/29 180/38/29 184/37/29
f 173/49/30 179/54/30 181/23/30 174/26/30
f 182/27/31 176/30/31 178/25/31 183/24/31
f 177/20/32 175/19/32 174/26/32 178/25/32
f 161/39/33 173/49/33 175/51/33 162/40/33
f 176/52/34 165/61/34 164/21/34 177/20/34
f 167/44/35 179/54/35 173/49/35 161/39/35
f 199/19/10 201/20/10 188/21/10 186/22/10
f 205/23/11 207/24/11 202/25/11 198/26/11
f 206/27/12 194/28/12 189/29/12 200/30/12
f 187/31/13 190/32/13 196/33/13 192/34/13
f 193/35/14 195/36/14 208/37/14 204/38/14
f 185/39/64 186/40/64 187/41/64
f 188/42/65 189/43/65 190/32/65
f 191/44/38 192/45/38 193/46/38
f 194/47/39 195/48/39 196/33/39
f 197/49/66 198/50/66 199/51/66
f 200/52/67 201/20/67 202/53/67
f 203/54/68 204/55/68 205/56/68
f 206/57/69 207/58/69 208/37/69
f 191/44/23 185/39/23 187/41/23 192/45/23
f 186/59/24 188/42/24 190/32/24 187/31/24
f 189/43/25 194/47/25 196/33/25 190/32/25
f 195/36/26 193/35/26 192/34/26 196/33/26
f 203/54/27 191/44/27 193/46/27 204/55/27
f 194/60/28 206/57/28 208/37/28 195/36/28
f 207/24/29 205/23/29 204/38/29 208/37/29
f 197/49/30 203/54/30 205/23/30 198/26/30
f 206/27/31 200/30/31 202/25/31 207/24/31
f 201/20/32 199/19/32 198/26/32 202/25/32
f 185/39/33 197/49/33 199/51/33 186/40/33
f 200/52/34 189/61/34 188/21/34 201/20/34
f 191/44/35 203/54/35 197/49/35 185/39/35
f 223/19/10 225/20/10 212/21/10 210/22/10
f 229/23/11 231/24/11 226/25/11 222/26/11
f 230/27/12 218/28/12 213/29/12 224/30/12
f 211/31/13 214/32/13 220/33/13 216/34/13
f 217/35/14 219/36/14 232/37/14 228/38/14
f 209/39/64 210/40/64 211/41/64
f 212/42/65 213/43/65 214/32/65
f 215/44/70 216/45/70 217/46/70
f 218/47/71 219/48/71 220/33/71
f 221/49/40 222/50/40 223/51/40
f 224/52/41 225/20/41 226/53/41
f 227/54/42 228/55/42 229/56/42
f 230/57/43 231/58/43 232/37/43
f 215/44/23 209/39/23 211/41/23 216/45/23
f 210/59/24 212/42/24 214/32/24 211/31/24
f 213/43/25 218/47/25 220/33/25 214/32/25
f 219/36/26 217/35/26 216/34/26 220/33/26
f 227/54/27 215/44/27 217/46/27 228/55/27
f 218/60/28 230/57/28 232/37/28 219/36/28
f 231/24/29 229/23/29 228/38/29 232/37/29
f 221/49/30 227/54/30 229/23/30 222/26/30
f 230/27/31 224/30/31 226/25/31 231/24/31
f 225/20/32 223/19/32 222/26/32 226/25/32
f 209/39/33 221/49/33 223/51/33 210/40/33
f 224/52/34 213/61/34 212/21/34 225/20/34
f 215/44/35 227/54/35 221/49/35 209/39/35
f 247/19/10 249/20/10 236/21/10 234/22/10
f 253/23/11 255/24/11 250/25/11 246/26/11
f 254/27/12 242/28/12 237/29/12 248/30/12
f 235/31/13 238/32/13 244/33/13 240/34/13
f 241/35/14 243/36/14 256/37/14 252/38/14
f 233/39/46 234/40/46 235/41/46
f 236/42/47 237/43/47 238/32/47
f 239/44/48 240/45/48 241/46/48
f 242/47/49 243/48/49 244/33/49
f 245/49/62 246/50/62 247/51/62
f 248/52/63 249/20/63 250/53/63
f 251/54/54 252/55/54 253/56/54
f 254/57/55 255/58/55 256/37/55
f 239/44/23 233/39/23 235/41/23 240/45/23
f 234/59/24 236/42/24 238/32/24 235/31/24
f 237/43/25 242/47/25 244/33/25 238/32/25
f 243/36/26 241/35/26 240/34/26 244/33/26
f 251/54/27 239/44/27 241/46/27 252/55/27
f 242/60/28 254/57/28 256/37/28 243/36/28
f 255/24/29 253/23/29 252/38/29 256/37/29
f 245/49/30 251/54/30 253/23/30 246/26/30
f 254/27/31 248/30/31 250/25/31 255/24/31
f 249/20/32 247/19/32 246/26/32 250/25/32
f 233/39/33 245/49/33 247/51/33 234/40/33
f 248/52/34 237/61/34 236/21/34 249/20/34
f 239/44/35 251/54/35 245/49/35 233/39/35
f 271/19/10 273/20/10 260/21/10 258/22/10
f 277/23/11 279/24/11 274/25/11 270/26/11
f 278/27/12 266/28/12 261/29/12 272/30/12
f 259/31/13 262/32/13 268/33/13 264/34/13
f 265/35/14 267/36/14 280/37/14 276/38/14
f 257/39/46 258/40/46 259/41/46
f 260/42/47 261/43/47 262/32/47
f 263/44/48 264/45/48 265/46/48
f 266/47/49 267/48/49 268/33/49
f 269/49/66 270/50/66 271/51/66
f 272/52/67 273/20/67 274/53/67
f 275/54/68 276/55/68 277/56/68
f 278/57/69 279/58/69 280/37/69
f 263/44/23 257/39/23 259/41/23 264/45/23
f 258/59/24 260/42/24 262/32/24 259/31/24
f 261/43/25 266/47/25 268/33/25 262/32/25
f 267/36/26 265/35/26 264/34/26 268/33/26
f 275/54/27 263/44/27 265/46/27 276/55/27
f 266/60/28 278/57/28 280/37/28 267/36/28
f 279/24/29 277/23/29 276/38/29 280/37/29
f 269/49/30 275/54/30 277/23/30 270/26/30
f 278/27/31 272/30/31 274/25/31 279/24/31
f 273/20/32 271/19/32 270/26/32 274/25/32
f 257/39/33 269/49/33 271/51/33 258/40/33
f 272/52/34 261/61/34 260/21/34 273/20/34
f 263/44/35 275/54/35 269/49/35 257/39/35
f 295/19/10 297/20/10 284/21/10 282/22/10
f 301/23/11 303/24/11 298/25/11 294/26/11
f 302/27/12 290/28/12 285/29/12 296/30/12
f 283/31/13 286/32/13 292/33/13 288/34/13
f 289/35/14 291/36/14 304/37/14 300/38/14
f 281/39/46 282/40/46 283/41/46
f 284/42/47 285/43/47 286/32/47
f 287/44/48 288/45/48 289/46/48
f 290/47/49 291/48/49 292/33/49
f 293/49/50 294/50/50 295/51/50
f 296/52/51 297/20/51 298/53/51
f 299/54/52 300/55/52 301/56/52
f 302/57/53 303/58/53 304/37/53
f 287/44/23 281/39/23 283/41/23 288/45/23
f 282/59/24 284/42/24 286/32/24 283/31/24
f 285/43/25 290/47/25 292/33/25 286/32/25
f 291/36/26 289/35/26 288/34/26 292/33/26
f 299/54/27 287/44/27 289/46/27 300/55/27
f 290/60/28 302/57/28 304/37/28 291/36/28
f 303/24/29 301/23/29 300/38/29 304/37/29
f 293/49/30 299/54/30 301/23/30 294/26/30
f 302/27/31 296/30/31 298/25/31 303/24/31
f 297/20/32 295/19/32 294/26/32 298/25/32
f 281/39/33 293/49/33 295/51/33 282/40/33
f 296/52/34 285/61/34 284/21/34 297/20/34
f 287/44/35 299/54/35 293/49/35 281/39/35
f 319/19/10 321/20/10 308/21/10 306/22/10
f 325/23/11 327/24/11 322/25/11 318/26/11
f 326/27/12 314/28/12 309/29/12 320/30/12
f 307/31/13 310/32/13 316/33/13 312/34/13
f 313/35/14 315/36/14 328/37/14 324/38/14
f 305/39/60 306/40/60 307/41/60
f 308/42/61 309/43/61 310/32/61
f 311/44/38 312/45/38 313/46/38
f 314/47/39 315/48/39 316/33/39
f 317/49/50 318/50/50 319/51/50
f 320/52/51 321/20/51 322/53/51
f 323/54/52 324/55/52 325/56/52
f 326/57/53 327/58/53 328/37/53
f 311/44/23 305/39/23 307/41/23 312/45/23
f 306/59/24 308/42/24 310/32/24 307/31/24
f 309/43/25 314/47/25 316/33/25 310/32/25
f 315/36/26 313/35/26 312/34/26 316/33/26
f 323/54/27 311/44/27 313/46/27 324/55/27
f 314/60/28 326/57/28 328/37/28 315/36/28
f 327/24/29 325/23/29 324/38/29 328/37/29
f 317/49/30 323/54/30 325/23/30 318/26/30
f 326/27/31 320/30/31 322/25/31 327/24/31
f 321/20/32 319/19/32 318/26/32 322/25/32
f 305/39/33 317/49/33 319/51/33 306/40/33
f 320/52/34 309/61/34 308/21/34 321/20/34
f 311/44/35 323/54/35 317/49/35 305/39/35
f 343/19/10 345/20/10 332/21/10 330/22/10
f 349/23/11 351/24/11 346/25/11 342/26/11
f 350/27/12 338/28/12 333/29/12 344/30/12
f 331/31/13 334/32/13 340/33/13 336/34/13
f 337/35/14 339/36/14 352/37/14 348/38/14
f 329/39/60 330/40/60 331/41/60
f 332/42/61 333/43/61 334/32/61
f 335/44/38 336/45/38 337/46/38
f 338/47/39 339/48/39 340/33/39
f 341/49/50 342/50/50 343/51/50
f 344/52/51 345/20/51 346/53/51
f 347/54/52 348/55/52 349/56/52
f 350/57/53 351/58/53 352/37/53
f 335/44/23 329/39/23 331/41/23 336/45/23
f 330/59/24 332/42/24 334/32/24 331/31/24
f 333/43/25 338/47/25 340/33/25 334/32/25
f 339/36/26 337/35/26 336/34/26 340/33/26
f 347/54/27 335/44/27 337/46/27 348/55/27
f 338/60/28 350/57/28 352/37/28 339/36/28
f 351/24/29 349/23/29 348/38/29 352/37/29
f 341/49/30 347/54/30 349/23/30 342/26/30
f 350/27/31 344/30/31 346/25/31 351/24/31
f 345/20/32 343/19/32 342/26/32 346/25/32
f 329/39/33 341/49/33 343/51/33 330/40/33
f 344/52/34 333/61/34 332/21/34 345/20/34
f 335/44/35 347/54/35 341/49/35 329/39/35
f 367/19/10 369/20/10 356/21/10 354/22/10
f 373/23/11 375/24/11 370/25/11 366/26/11
f 374/27/12 362/28/12 357/29/12 368/30/12
f 355/31/13 358/32/13 364/33/13 360/34/13
f 361/35/14 363/36/14 376/37/14 372/38/14
f 353/39/60 354/40/60 355/41/60
f 356/42/61 357/43/61 358/32/61
f 359/44/38 360/45/38 361/46/38
f 362/47/39 363/48/39 364/33/39
f 365/49/50 366/50/50 367/51/50
f 368/52/51 369/20/51 370/53/51
f 371/54/52 372/55/52 373/56/52
f 374/57/53 375/58/53 376/37/53
f 359/44/23 353/39/23 355/41/23 360/45/23
f 354/59/24 356/42/24 358/32/24 355/31/24
f 357/43/25 362/47/25 364/33/25 358/32/25
f 363/36/26 361/35/26 360/34/26 364/33/26
f 371/54/27 359/44/27 361/46/27 372/55/27
f 362/60/28 374/57/28 376/37/28 363/36/28
f 375/24/29 373/23/29 372/38/29 376/37/29
f 365/49/30 371/54/30 373/23/30 366/26/30
f 374/27/31 368/30/31 370/25/31 375/24/31
f 369/20/32 367/19/32 366/26/32 370/25/32
f 353/39/33 365/49/33 367/51/33 354/40/33
f 368/52/34 357/61/34 356/21/34 369/20/34
f 359/44/35 371/54/35 365/49/35 353/39/35
f 391/19/10 393/20/10 380/21/10 378/22/10
f 397/23/11 399/24/11 394/25/11 390/26/11
f 398/27/12 386/28/12 381/29/12 392/30/12
f 379/31/13 382/32/13 388/33/13 384/34/13
f 385/35/14 387/36/14 400/37/14 396/38/14
f 377/39/46 378/40/46 379/41/46
f 380/42/47 381/43/47 382/32/47
f 383/44/48 384/45/48 385/46/48
f 386/47/49 387/48/49 388/33/49
f 389/49/62 390/50/62 391/51/62
f 392/52/63 393/20/63 394/53/63
f 395/54/54 396/55/54 397/56/54
f 398/57/55 399/58/55 400/37/55
f 383/44/23 377/39/23 379/41/23 384/45/23
f 378/59/24 380/42/24 382/32/24 379/31/24
f 381/43/25 386/47/25 388/33/25 382/32/25
f 387/36/26 385/35/26 384/34/26 388/33/26
f 395/54/27 383/44/27 385/46/27 396/55/27
f 386/60/28 398/57/28 400/37/28 387/36/28
f 399/24/29 397/23/29 396/38/29 400/37/29
f 389/49/30 395/54/30 397/23/30 390/26/30
f 398/27/31 392/30/31 394/25/31 399/24/31
f 393/20/32 391/19/32 390/26/32 394/25/32
f 377/39/33 389/49/33 391/51/33 378/40/33
f 392/52/34 381/61/34 380/21/34 393/20/34
f 383/44/35 395/54/35 389/49/35 377/39/35
f 415/19/10 417/20/10 404/21/10 402/22/10
f 421/23/11 423/24/11 418/25/11 414/26/11
f 422/27/12 410/28/12 405/29/12 416/30/12
f 403/31/13 406/32/13 412/33/13 408/34/13
f 409/35/14 411/36/14 424/37/14 420/38/14
f 401/39/46 402/40/46 403/41/46
f 404/42/47 405/43/47 406/32/47
f 407/44/48 408/45/48 409/46/48
f 410/47/49 411/48/49 412/33/49
f 413/49/62 414/50/62 415/51/62
f 416/52/63 417/20/63 418/53/63
f 419/54/54 420/55/54 421/56/54
f 422/57/55 423/58/55 424/37/55
f 407/44/23 401/39/23 403/41/23 408/45/23
f 402/59/24 404/42/24 406/32/24 403/31/24
f 405/43/25 410/47/25 412/33/25 406/32/25
f 411/36/26 409/35/26 408/34/26 412/33/26
f 419/54/27 407/44/27 409/46/27 420/55/27
f 410/60/28 422/57/28 424/37/28 411/36/28
f 423/24/29 421/23/29 420/38/29 424/37/29
f 413/49/30 419/54/30 421/23/30 414/26/30
f 422/27/31 416/30/31 418/25/31 423/24/31
f 417/20/32 415/19/32 414/26/32 418/25/32
f 401/39/33 413/49/33 415/51/33 402/40/33
f 416/52/34 405/61/34 404/21/34 417/20/34
f 407/44/35 419/54/35 413/49/35 401/39/35
f 439/19/10 441/20/10 428/21/10 426/22/10
f 445/23/11 447/24/11 442/25/11 438/26/11
f 446/27/12 434/28/12 429/29/12 440/30/12
f 427/31/13 430/32/13 436/33/13 432/34/13
f 433/35/14 435/36/14 448/37/14 444/38/14
f 425/39/46 426/40/46 427/41/46
f 428/42/47 429/43/47 430/32/47
f 431/44/48 432/45/48 433/46/48
f 434/47/49 435/48/49 436/33/49
f 437/49/62 438/50/62 439/51/62
f 440/52/63 441/20/63 442/53/63
f 443/54/54 444/55/54 445/56/54
f 446/57/55 447/58/55 448/37/55
f 431/44/23 425/39/23 427/41/23 432/45/23
f 426/59/24 428/42/24 430/32/24 427/31/24
f 429/43/25 434/47/25 436/33/25 430/32/25
f 435/36/26 433/35/26 432/34/26 436/33/26
f 443/54/27 431/44/27 433/46/27 444/55/27
f 434/60/28 446/57/28 448/37/28 435/36/28
f 447/24/29 445/23/29 444/38/29 448/37/29
f 437/49/30 443/54/30 445/23/30 438/26/30
f 446/27/31 440/30/31 442/25/31 447/24/31
f 441/20/32 439/19/32 438/26/32 442/25/32
f 425/39/33 437/49/33 439/51/33 426/40/33
f 440/52/34 429/61/34 428/21/34 441/20/34
f 431/44/35 443/54/35 437/49/35 425/39/35
f 463/19/10 465/20/10 452/21/10 450/22/10
f 469/23/11 471/24/11 466/25/11 462/26/11
f 470/27/12 458/28/12 453/29/12 464/30/12
f 451/31/13 454/32/13 460/33/13 456/34/13
f 457/35/14 459/36/14 472/37/14 468/38/14
f 449/39/46 450/40/46 451/41/46
f 452/42/47 453/43/47 454/32/47
f 455/44/48 456/45/48 457/46/48
f 458/47/49 459/48/49 460/33/49
f 461/49/50 462/50/50 463/51/50
f 464/52/51 465/20/51 466/53/51
f 467/54/52 468/55/52 469/56/52
f 470/57/53 471/58/53 472/37/53
f 455/44/23 449/39/23 451/41/23 456/45/23
f 450/59/24 452/42/24 454/32/24 451/31/24
f 453/43/25 458/47/25 460/33/25 454/32/25
f 459/36/26 457/35/26 456/34/26 460/33/26
f 467/54/27 455/44/27 457/46/27 468/55/27
f 458/60/28 470/57/28 472/37/28 459/36/28
f 471/24/29 469/23/29 468/38/29 472/37/29
f 461/49/30 467/54/30 469/23/30 462/26/30
f 470/27/31 464/30/31 466/25/31 471/24/31
f 465/20/32 463/19/32 462/26/32 466/25/32
f 449/39/33 461/49/33 463/51/33 450/40/33
f 464/52/34 453/61/34 452/21/34 465/20/34
f 455/44/35 467/54/35 461/49/35 449/39/35
f 487/19/10 489/20/10 476/21/10 474/22/10
f 493/23/11 495/24/11 490/25/11 486/26/11
f 494/27/12 482/28/12 477/29/12 488/30/12
f 475/31/13 478/32/13 484/33/13 480/34/13
f 481/35/14 483/36/14 496/37/14 492/38/14
f 473/39/46 474/40/46 475/41/46
f 476/42/47 477/43/47 478/32/47
f 479/44/48 480/45/48 481/46/48
f 482/47/49 483/48/49 484/33/49
f 485/49/50 486/50/50 487/51/50
f 488/52/51 489/20/51 490/53/51
f 491/54/52 492/55/52 493/56/52
f 494/57/53 495/58/53 496/37/53
f 479/44/23 473/39/23 475/41/23 480/45/23
f 474/59/24 476/42/24 478/32/24 475/31/24
f 477/43/25 482/47/25 484/33/25 478/32/25
f 483/36/26 481/35/26 480/34/26 484/33/26
f 491/54/27 479/44/27 481/46/27 492/55/27
f 482/60/28 494/57/28 496/37/28 483/36/28
f 495/24/29 493/23/29 492/38/29 496/37/29
f 485/49/30 491/54/30 493/23/30 486/26/30
f 494/27/31 488/30/31 490/25/31 495/24/31
f 489/20/32 487/19/32 486/26/32 490/25/32
f 473/39/33 485/49/33 487/51/33 474/40/33
f 488/52/34 477/61/34 476/21/34 489/20/34
f 479/44/35 491/54/35 485/49/35 473/39/35
f 511/19/10 513/20/10 500/21/10 498/22/10
f 517/23/11 519/24/11 514/25/11 510/26/11
f 518/27/12 506/28/12 501/29/12 512/30/12
f 499/31/13 502/32/13 508/33/13 504/34/13
f 505/35/14 507/36/14 520/37/14 516/38/14
f 497/39/46 498/40/46 499/41/46
f 500/42/47 501/43/47 502/32/47
f 503/44/48 504/45/48 505/46/48
f 506/47/49 507/48/49 508/33/49
f 509/49/50 510/50/50 511/51/50
f 512/52/51 513/20/51 514/53/51
f 515/54/52 516/55/52 517/56/52
f 518/57/53 519/58/53 520/37/53
f 503/44/23 497/39/23 499/41/23 504/45/23
f 498/59/24 500/42/24 502/32/24 499/31/24
f 501/43/25 506/47/25 508/33/25 502/32/25
f 507/36/26 505/35/26 504/34/26 508/33/26
f 515/54/27 503/44/27 505/46/27 516/55/27
f 506/60/28 518/57/28 520/37/28 507/36/28
f 519/24/29 517/23/29 516/38/29 520/37/29
f 509/49/30 515/54/30 517/23/30 510/26/30
f 518/27/31 512/30/31 514/25/31 519/24/31
f 513/20/32 511/19/32 510/26/32 514/25/32
f 497/39/33 509/49/33 511/51/33 498/40/33
f 512/52/34 501/61/34 500/21/34 513/20/34
f 503/44/35 515/54/35 509/49/35 497/39/35
f 535/19/10 537/20/10 524/21/10 522/22/10
f 541/23/11 543/24/11 538/25/11 534/26/11
f 542/27/12 530/28/12 525/29/12 536/30/12
f 523/31/13 526/32/13 532/33/13 528/34/13
f 529/35/14 531/36/14 544/37/14 540/38/14
f 521/39/60 522/40/60 523/41/60
f 524/42/61 525/43/61 526/32/61
f 527/44/38 528/45/38 529/46/38
f 530/47/39 531/48/39 532/33/39
f 533/49/50 534/50/50 535/51/50
f 536/52/51 537/20/51 538/53/51
f 539/54/52 540/55/52 541/56/52
f 542/57/53 543/58/53 544/37/53
f 527/44/23 521/39/23 523/41/23 528/45/23
f 522/59/24 524/42/24 526/32/24 523/31/24
f 525/43/25 530/47/25 532/33/25 526/32/25
f 531/36/26 529/35/26 528/34/26 532/33/26
f 539/54/27 527/44/27 529/46/27 540/55/27
f 530/60/28 542/57/28 544/37/28 531/36/28
f 543/24/29 541/23/29 540/38/29 544/37/29
f 533/49/30 539/54/30 541/23/30 534/26/30
f 542/27/31 536/30/31 538/25/31 543/24/31
f 537/20/32 535/19/32 534/26/32 538/25/32
f 521/39/33 533/49/33 535/51/33 522/40/33
f 536/52/34 525/61/34 524/21/34 537/20/34
f 527/44/35 539/54/35 533/49/35 521/39/35
f 559/19/10 561/20/10 548/21/10 546/22/10
f 565/23/11 567/24/11 562/25/11 558/26/11
f 566/27/12 554/28/12 549/29/12 560/30/12
f 547/31/13 550/32/13 556/33/13 552/34/13
f 553/35/14 555/36/14 568/37/14 564/38/14
f 545/39/60 546/40/60 547/41/60
f 548/42/61 549/43/61 550/32/61
f 551/44/38 552/45/38 553/46/38
f 554/47/39 555/48/39 556/33/39
f 557/49/50 558/50/50 559/51/50
f 560/52/51 561/20/51 562/53/51
f 563/54/52 564/55/52 565/56/52
f 566/57/53 567/58/53 568/37/53
f 551/44/23 545/39/23 547/41/23 552/45/23
f 546/59/24 548/42/24 550/32/24 547/31/24
f 549/43/25 554/47/25 556/33/25 550/32/25
f 555/36/26 553/35/26 552/34/26 556/33/26
f 563/54/27 551/44/27 553/46/27 564/55/27
f 554/60/28 566/57/28 568/37/28 555/36/28
f 567/24/29 565/23/29 564/38/29 568/37/29
f 557/49/30 563/54/30 565/23/30 558/26/30
f 566/27/31 560/30/31 562/25/31 567/24/31
f 561/20/32 559/19/32 558/26/32 562/25/32
f 545/39/33 557/49/33 559/51/33 546/40/33
f 560/52/34 549/61/34 548/21/34 561/20/34
f 551/44/35 563/54/35 557/49/35 545/39/35
f 583/19/10 585/20/10 572/21/10 570/22/10
f 589/23/11 591/24/11 586/25/11 582/26/11
f 590/27/12 578/28/12 573/29/12 584/30/12
f 571/31/13 574/32/13 580/33/13 576/34/13
f 577/35/14 579/36/14 592/37/14 588/38/14
f 569/39/60 570/40/60 571/41/60
f 572/42/61 573/43/61 574/32/61
f 575/44/38 576/45/38 577/46/38
f 578/47/39 579/48/39 580/33/39
f 581/49/50 582/50/50 583/51/50
f 584/52/51 585/20/51 586/53/51
f 587/54/52 588/55/52 589/56/52
f 590/57/53 591/58/53 592/37/53
f 575/44/23 569/39/23 571/41/23 576/45/23
f 570/59/24 572/42/24 574/32/24 571/31/24
f 573/43/25 578/47/25 580/33/25 574/32/25
f 579/36/26 577/35/26 576/34/26 580/33/26
f 587/54/27 575/44/27 577/46/27 588/55/27
f 578/60/28 590/57/28 592/37/28 579/36/28
f 591/24/29 589/23/29 588/38/29 592/37/29
f 581/49/30 587/54/30 589/23/30 582/26/30
f 590/27/31 584/30/31 586/25/31 591/24/31
f 585/20/32 583/19/32 582/26/32 586/25/32
f 569/39/33 581/49/33 583/51/33 570/40/33
f 584/52/34 573/61/34 572/21/34 585/20/34
f 575/44/35 587/54/35 581/49/35 569/39/35
f 607/19/10 609/20/10 596/21/10 594/22/10
f 613/23/11 615/24/11 610/25/11 606/26/11
f 614/27/12 602/28/12 597/29/12 608/30/12
f 595/31/13 598/32/13 604/33/13 600/34/13
f 601/35/14 603/36/14 616/37/14 612/38/14
f 593/39/46 594/40/46 595/41/46
f 596/42/47 597/43/47 598/32/47
f 599/44/48 600/45/48 601/46/48
f 602/47/49 603/48/49 604/33/49
f 605/49/50 606/50/50 607/51/50
f 608/52/51 609/20/51 610/53/51
f 611/54/52 612/55/52 613/56/52
f 614/57/53 615/58/53 616/37/53
f 599/44/23 593/39/23 595/41/23 600/45/23
f 594/59/24 596/42/24 598/32/24 595/31/24
f 597/43/25 602/47/25 604/33/25 598/32/25
f 603/36/26 601/35/26 600/34/26 604/33/26
f 611/54/27 599/44/27 601/46/27 612/55/27
f 602/60/28 614/57/28 616/37/28 603/36/28
f 615/24/29 613/23/29 612/38/29 616/37/29
f 605/49/30 611/54/30 613/23/30 606/26/30
f 614/27/31 608/30/31 610/25/31 615/24/31
f 609/20/32 607/19/32 606/26/32 610/25/32
f 593/39/33 605/49/33 607/51/33 594/40/33
f 608/52/34 597/61/34 596/21/34 609/20/34
f 599/44/35 611/54/35 605/49/35 593/39/35
f 631/19/10 633/20/10 620/21/10 618/22/10
f 637/23/11 639/24/11 634/25/11 630/26/11
f 638/27/12 626/28/12 621/29/12 632/30/12
f 619/31/13 622/32/13 628/33/13 624/34/13
f 625/35/14 627/36/14 640/37/14 636/38/14
f 617/39/46 618/40/46 619/41/46
f 620/42/47 621/43/47 622/32/47
f 623/44/48 624/45/48 625/46/48
f 626/47/49 627/48/49 628/33/49
f 629/49/50 630/50/50 631/51/50
f 632/52/51 633/20/51 634/53/51
f 635/54/52 636/55/52 637/56/52
f 638/57/53 639/58/53 640/37/53
f 623/44/23 617/39/23 619/41/23 624/45/23
f 618/59/24 620/42/24 622/32/24 619/31/24
f 621/43/25 626/47/25 628/33/25 622/32/25
f 627/36/26 625/35/26 624/34/26 628/33/26
f 635/54/27 623/44/27 625/46/27 636/55/27
f 626/60/28 638/57/28 640/37/28 627/36/28
f 639/24/29 637/23/29 636/38/29 640/37/29
f 629/49/30 635/54/30 637/23/30 630/26/30
f 638/27/31 632/30/31 634/25/31 639/24/31
f 633/20/32 631/19/32 630/26/32 634/25/32
f 617/39/33 629/49/33 631/51/33 618/40/33
f 632/52/34 621/61/34 620/21/34 633/20/34
f 623/44/35 635/54/35 629/49/35 617/39/35
f 655/19/10 657/20/10 644/21/10 642/22/10
f 661/23/11 663/24/11 658/25/11 654/26/11
f 662/27/12 650/28/12 645/29/12 656/30/12
f 643/31/13 646/32/13 652/33/13 648/34/13
f 649/35/14 651/36/14 664/37/14 660/38/14
f 641/39/46 642/40/46 643/41/46
f 644/42/47 645/43/47 646/32/47
f 647/44/48 648/45/48 649/46/48
f 650/47/49 651/48/49 652/33/49
f 653/49/50 654/50/50 655/51/50
f 656/52/51 657/20/51 658/53/51
f 659/54/52 660/55/52 661/56/52
f 662/57/53 663/58/53 664/37/53
f 647/44/23 641/39/23 643/41/23 648/45/23
f 642/59/24 644/42/24 646/32/24 643/31/24
f 645/43/25 650/47/25 652/33/25 646/32/25
f 651/36/26 649/35/26 648/34/26 652/33/26
f 659/54/27 647/44/27 649/46/27 660/55/27
f 650/60/28 662/57/28 664/37/28 651/36/28
f 663/24/29 661/23/29 660/38/29 664/37/29
f 653/49/30 659/54/30 661/23/30 654/26/30
f 662/27/31 656/30/31 658/25/31 663/24/31
f 657/20/32 655/19/32 654/26/32 658/25/32
f 641/39/33 653/49/33 655/51/33 642/40/33
f 656/52/34 645/61/34 644/21/34 657/20/34
f 647/44/35 659/54/35 653/49/35 641/39/35
f 679/19/10 681/20/10 668/21/10 666/22/10
f 685/23/11 687/24/11 682/25/11 678/26/11
f 686/27/12 674/28/12 669/29/12 680/30/12
f 667/31/13 670/32/13 676/33/13 672/34/13
f 673/35/14 675/36/14 688/37/14 684/38/14
f 665/39/36 666/40/36 667/41/36
f 668/42/37 669/43/37 670/32/37
f 671/44/72 672/45/72 673/46/72
f 674/47/73 675/48/73 676/33/73
f 677/49/40 678/50/40 679/51/40
f 680/52/41 681/20/41 682/53/41
f 683/54/74 684/55/74 685/56/74
f 686/57/75 687/58/75 688/37/75
f 671/44/23 665/39/23 667/41/23 672/45/23
f 666/59/24 668/42/24 670/32/24 667/31/24
f 669/43/25 674/47/25 676/33/25 670/32/25
f 675/36/26 673/35/26 672/34/26 676/33/26
f 683/54/27 671/44/27 673/46/27 684/55/27
f 674/60/28 686/57/28 688/37/28 675/36/28
f 687/24/29 685/23/29 684/38/29 688/37/29
f 677/49/30 683/54/30 685/23/30 678/26/30
f 686/27/31 680/30/31 682/25/31 687/24/31
f 681/20/32 679/19/32 678/26/32 682/25/32
f 665/39/33 677/49/33 679/51/33 666/40/33
f 680/52/34 669/61/34 668/21/34 681/20/34
f 671/44/35 683/54/35 677/49/35 665/39/35
f 703/19/10 705/20/10 692/21/10 690/22/10
f 709/23/11 711/24/11 706/25/11 702/26/11
f 710/27/12 698/28/12 693/29/12 704/30/12
f 691/31/13 694/32/13 700/33/13 696/34/13
f 697/35/14 699/36/14 712/37/14 708/38/14
f 689/39/76 690/40/76 691/41/76
f 692/42/77 693/43/77 694/32/77
f 695/44/72 696/45/72 697/46/72
f 698/47/73 699/48/73 700/33/73
f 701/49/66 702/50/66 703/51/66
f 704/52/67 705/20/67 706/53/67
f 707/54/74 708/55/74 709/56/74
f 710/57/75 711/58/75 712/37/75
f 695/44/23 689/39/23 691/41/23 696/45/23
f 690/59/24 692/42/24 694/32/24 691/31/24
f 693/43/25 698/47/25 700/33/25 694/32/25
f 699/36/26 697/35/26 696/34/26 700/33/26
f 707/54/27 695/44/27 697/46/27 708/55/27
f 698/60/28 710/57/28 712/37/28 699/36/28
f 711/24/29 709/23/29 708/38/29 712/37/29
f 701/49/30 707/54/30 709/23/30 702/26/30
f 710/27/31 704/30/31 706/25/31 711/24/31
f 705/20/32 703/19/32 702/26/32 706/25/32
f 689/39/33 701/49/33 703/51/33 690/40/33
f 704/52/34 693/61/34 692/21/34 705/20/34
f 695/44/35 707/54/35 701/49/35 689/39/35
f 727/19/10 729/20/10 716/21/10 714/22/10
f 733/23/11 735/24/11 730/25/11 726/26/11
f 734/27/12 722/28/12 717/29/12 728/30/12
f 715/31/13 718/32/13 724/33/13 720/34/13
f 721/35/14 723/36/14 736/37/14 732/38/14
f 713/39/56 714/40/56 715/41/56
f 716/42/57 717/43/57 718/32/57
f 719/44/72 720/45/72 721/46/72
f 722/47/73 723/48/73 724/33/73
f 725/49/66 726/50/66 727/51/66
f 728/52/67 729/20/67 730/53/67
f 731/54/74 732/55/74 733/56/74
f 734/57/75 735/58/75 736/37/75
f 719/44/23 713/39/23 715/41/23 720/45/23
f 714/59/24 716/42/24 718/32/24 715/31/24
f 717/43/25 722/47/25 724/33/25 718/32/25
f 723/36/26 721/35/26 720/34/26 724/33/26
f 731/54/27 719/44/27 721/46/27 732/55/27
f 722/60/28 734/57/28 736/37/28 723/36/28
f 735/24/29 733/23/29 732/38/29 736/37/29
f 725/49/30 731/54/30 733/23/30 726/26/30
f 734/27/31 728/30/31 730/25/31 735/24/31
f 729/20/32 727/19/32 726/26/32 730/25/32
f 713/39/33 725/49/33 727/51/33 714/40/33
f 728/52/34 717/61/34 716/21/34 729/20/34
f 719/44/35 731/54/35 725/49/35 713/39/35
f 751/19/10 753/20/10 740/21/10 738/22/10
f 757/23/11 759/24/11 754/25/11 750/26/11
f 758/27/12 746/28/12 741/29/12 752/30/12
f 739/31/13 742/32/13 748/33/13 744/34/13
f 745/35/14 747/36/14 760/37/14 756/38/14
f 737/39/60 738/40/60 739/41/60
f 740/42/61 741/43/61 742/32/61
f 743/44/72 744/45/72 745/46/72
f 746/47/73 747/48/73 748/33/73
f 749/49/40 750/50/40 751/51/40
f 752/52/41 753/20/41 754/53/41
f 755/54/74 756/55/74 757/56/74
f 758/57/75 759/58/75 760/37/75
f 743/44/23 737/39/23 739/41/23 744/45/23
f 738/59/24 740/42/24 742/32/24 739/31/24
f 741/43/25 746/47/25 748/33/25 742/32/25
f 747/36/26 745/35/26 744/34/26 748/33/26
f 755/54/27 743/44/27 745/46/27 756/55/27
f 746/60/28 758/57/28 760/37/28 747/36/28
f 759/24/29 757/23/29 756/38/29 760/37/29
f 749/49/30 755/54/30 757/23/30 750/26/30
f 758/27/31 752/30/31 754/25/31 759/24/31
f 753/20/32 751/19/32 750/26/32 754/25/32
f 737/39/33 749/49/33 751/51/33 738/40/33
f 752/52/34 741/61/34 740/21/34 753/20/34
f 743/44/35 755/54/35 749/49/35 737/39/35
f 775/19/10 777/20/10 764/21/10 762/22/10
f 781/23/11 783/24/11 778/25/11 774/26/11
f 782/27/12 770/28/12 765/29/12 776/30/12
f 763/31/13 766/32/13 772/33/13 768/34/13
f 769/35/14 771/36/14 784/37/14 780/38/14
f 761/39/56 762/40/56 763/41/56
f 764/42/57 765/43/57 766/32/57
f 767/44/72 768/45/72 769/46/72
f 770/47/73 771/48/73 772/33/73
f 773/49/62 774/50/62 775/51/62
f 776/52/63 777/20/63 778/53/63
f 779/54/74 780/55/74 781/56/74
f 782/57/75 783/58/75 784/37/75
f 767/44/23 761/39/23 763/41/23 768/45/23
f 762/59/24 764/42/24 766/32/24 763/31/24
f 765/43/25 770/47/25 772/33/25 766/32/25
f 771/36/26 769/35/26 768/34/26 772/33/26
f 779/54/27 767/44/27 769/46/27 780/55/27
f 770/60/28 782/57/28 784/37/28 771/36/28
f 783/24/29 781/23/29 780/38/29 784/37/29
f 773/49/30 779/54/30 781/23/30 774/26/30
f 782/27/31 776/30/31 778/25/31 783/24/31
f 777/20/32 775/19/32 774/26/32 778/25/32
f 761/39/33 773/49/33 775/51/33 762/40/33
f 776/52/34 765/61/34 764/21/34 777/20/34
f 767/44/35 779/54/35 773/49/35 761/39/35
f 799/19/10 801/20/10 788/21/10 786/22/10
f 805/23/11 807/24/11 802/25/11 798/26/11
f 806/27/12 794/28/12 789/29/12 800/30/12
f 787/31/13 790/32/13 796/33/13 792/34/13
f 793/35/14 795/36/14 808/37/14 804/38/14
f 785/39/60 786/40/60 787/41/60
f 788/42/61 789/43/61 790/32/61
f 791/44/72 792/45/72 793/46/72
f 794/47/73 795/48/73 796/33/73
f 797/49/66 798/50/66 799/51/66
f 800/52/67 801/20/67 802/53/67
f 803/54/74 804/55/74 805/56/74
f 806/57/75 807/58/75 808/37/75
f 791/44/23 785/39/23 787/41/23 792/45/23
f 786/59/24 788/42/24 790/32/24 787/31/24
f 789/43/25 794/47/25 796/33/25 790/32/25
f 795/36/26 793/35/26 792/34/26 796/33/26
f 803/54/27 791/44/27 793/46/27 804/55/27
f 794/60/28 806/57/28 808/37/28 795/36/28
f 807/24/29 805/23/29 804/38/29 808/37/29
f 797/49/30 803/54/30 805/23/30 798/26/30
f 806/27/31 800/30/31 802/25/31 807/24/31
f 801/20/32 799/19/32 798/26/32 802/25/32
f 785/39/33 797/49/33 799/51/33 786/40/33
f 800/52/34 789/61/34 788/21/34 801/20/34
f 791/44/35 803/54/35 797/49/35 785/39/35
f 823/19/10 825/20/10 812/21/10 810/22/10
f 829/23/11 831/24/11 826/25/11 822/26/11
f 830/27/12 818/28/12 813/29/12 824/30/12
f 811/31/13 814/32/13 820/33/13 816/34/13
f 817/35/14 819/36/14 832/37/14 828/38/14
f 809/39/60 810/40/60 811/41/60
f 812/42/61 813/43/61 814/32/61
f 815/44/70 816/45/70 817/46/70
f 818/47/71 819/48/71 820/33/71
f 821/49/62 822/50/62 823/51/62
f 824/52/63 825/20/63 826/53/63
f 827/54/74 828/55/74 829/56/74
f 830/57/75 831/58/75 832/37/75
f 815/44/23 809/39/23 811/41/23 816/45/23
f 810/59/24 812/42/24 814/32/24 811/31/24
f 813/43/25 818/47/25 820/33/25 814/32/25
f 819/36/26 817/35/26 816/34/26 820/33/26
f 827/54/27 815/44/27 817/46/27 828/55/27
f 818/60/28 830/57/28 832/37/28 819/36/28
f 831/24/29 829/23/29 828/38/29 832/37/29
f 821/49/30 827/54/30 829/23/30 822/26/30
f 830/27/31 824/30/31 826/25/31 831/24/31
f 825/20/32 823/19/32 822/26/32 826/25/32
f 809/39/33 821/49/33 823/51/33 810/40/33
f 824/52/34 813/61/34 812/21/34 825/20/34
f 815/44/35 827/54/35 821/49/35 809/39/35
f 847/19/10 849/20/10 836/21/10 834/22/10
f 853/23/11 855/24/11 850/25/11 846/26/11
f 854/27/12 842/28/12 837/29/12 848/30/12
f 835/31/13 838/32/13 844/33/13 840/34/13
f 841/35/14 843/36/14 856/37/14 852/38/14
f 833/39/56 834/40/56 835/41/56
f 836/42/57 837/43/57 838/32/57
f 839/44/72 840/45/72 841/46/72
f 842/47/73 843/48/73 844/33/73
f 845/49/66 846/50/66 847/51/66
f 848/52/67 849/20/67 850/53/67
f 851/54/74 852/55/74 853/56/74
f 854/57/75 855/58/75 856/37/75
f 839/44/23 833/39/23 835/41/23 840/45/23
f 834/59/24 836/42/24 838/32/24 835/31/24
f 837/43/25 842/47/25 844/33/25 838/32/25
f 843/36/26 841/35/26 840/34/26 844/33/26
f 851/54/27 839/44/27 841/46/27 852/55/27
f 842/60/28 854/57/28 856/37/28 843/36/28
f 855/24/29 853/23/29 852/38/29 856/37/29
f 845/49/30 851/54/30 853/23/30 846/26/30
f 854/27/31 848/30/31 850/25/31 855/24/31
f 849/20/32 847/19/32 846/26/32 850/25/32
f 833/39/33 845/49/33 847/51/33 834/40/33
f 848/52/34 837/61/34 836/21/34 849/20/34
f 839/44/35 851/54/35 845/49/35 833/39/35
f 871/19/10 873/20/10 860/21/10 858/22/10
f 877/23/11 879/24/11 874/25/11 870/26/11
f 878/27/12 866/28/12 861/29/12 872/30/12
f 859/31/13 862/32/13 868/33/13 864/34/13
f 865/35/14 867/36/14 880/37/14 876/38/14
f 857/39/56 858/40/56 859/41/56
f 860/42/57 861/43/57 862/32/57
f 863/44/72 864/45/72 865/46/72
f 866/47/73 867/48/73 868/33/73
f 869/49/66 870/50/66 871/51/66
f 872/52/67 873/20/67 874/53/67
f 875/54/74 876/55/74 877/56/74
f 878/57/75 879/58/75 880/37/75
f 863/44/23 857/39/23 859/41/23 864/45/23
f 858/59/24 860/42/24 862/32/24 859/31/24
f 861/43/25 866/47/25 868/33/25 862/32/25
f 867/36/26 865/35/26 864/34/26 868/33/26
f 875/54/27 863/44/27 865/46/27 876/55/27
f 866/60/28 878/57/28 880/37/28 867/36/28
f 879/24/29 877/23/29 876/38/29 880/37/29
f 869/49/30 875/54/30 877/23/30 870/26/30
f 878/27/31 872/30/31 874/25/31 879/24/31
f 873/20/32 871/19/32 870/26/32 874/25/32
f 857/39/33 869/49/33 871/51/33 858/40/33
f 872/52/34 861/61/34 860/21/34 873/20/34
f 863/44/35 875/54/35 869/49/35 857/39/35
f 895/19/10 897/20/10 884/21/10 882/22/10
f 901/23/11 903/24/11 898/25/11 894/26/11
f 902/27/12 890/28/12 885/29/12 896/30/12
f 883/31/13 886/32/13 892/33/13 888/34/13
f 889/35/14 891/36/14 904/37/14 900/38/14
f 881/39/36 882/40/36 883/41/36
f 884/42/37 885/43/37 886/32/37
f 887/44/44 888/45/44 889/46/44
f 890/47/45 891/48/45 892/33/45
f 893/49/66 894/50/66 895/51/66
f 896/52/67 897/20/67 898/53/67
f 899/54/68 900/55/68 901/56/68
f 902/57/69 903/58/69 904/37/69
f 887/44/23 881/39/23 883/41/23 888/45/23
f 882/59/24 884/42/24 886/32/24 883/31/24
f 885/43/25 890/47/25 892/33/25 886/32/25
f 891/36/26 889/35/26 888/34/26 892/33/26
f 899/54/27 887/44/27 889/46/27 900/55/27
f 890/60/28 902/57/28 904/37/28 891/36/28
f 903/24/29 901/23/29 900/38/29 904/37/29
f 893/49/30 899/54/30 901/23/30 894/26/30
f 902/27/31 896/30/31 898/25/31 903/24/31
f 897/20/32 895/19/32 894/26/32 898/25/32
f 881/39/33 893/49/33 895/51/33 882/40/33
f 896/52/34 885/61/34 884/21/34 897/20/34
f 887/44/35 899/54/35 893/49/35 881/39/35
f 919/19/10 921/20/10 908/21/10 906/22/10
f 925/23/11 927/24/11 922/25/11 918/26/11
f 926/27/12 914/28/12 909/29/12 920/30/12
f 907/31/13 910/32/13 916/33/13 912/34/13
f 913/35/14 915/36/14 928/37/14 924/38/14
f 905/39/76 906/40/76 907/41/76
f 908/42/77 909/43/77 910/32/77
f 911/44/58 912/45/58 913/46/58
f 914/47/59 915/48/59 916/33/59
f 917/49/40 918/50/40 919/51/40
f 920/52/41 921/20/41 922/53/41
f 923/54/42 924/55/42 925/56/42
f 926/57/43 927/58/43 928/37/43
f 911/44/23 905/39/23 907/41/23 912/45/23
f 906/59/24 908/42/24 910/32/24 907/31/24
f 909/43/25 914/47/25 916/33/25 910/32/25
f 915/36/26 913/35/26 912/34/26 916/33/26
f 923/54/27 911/44/27 913/46/27 924/55/27
f 914/60/28 926/57/28 928/37/28 915/36/28
f 927/24/29 925/23/29 924/38/29 928/37/29
f 917/49/30 923/54/30 925/23/30 918/26/30
f 926/27/31 920/30/31 922/25/31 927/24/31
f 921/20/32 919/19/32 918/26/32 922/25/32
f 905/39/33 917/49/33 919/51/33 906/40/33
f 920/52/34 909/61/34 908/21/34 921/20/34
f 911/44/35 923/54/35 917/49/35 905/39/35
f 943/19/10 945/20/10 932/21/10 930/22/10
f 949/23/11 951/24/11 946/25/11 942/26/11
f 950/27/12 938/28/12 933/29/12 944/30/12
f 931/31/13 934/32/13 940/33/13 936/34/13
f 937/35/14 939/36/14 952/37/14 948/38/14
f 929/39/36 930/40/36 931/41/36
f 932/42/37 933/43/37 934/32/37
f 935/44/44 936/45/44 937/46/44
f 938/47/45 939/48/45 940/33/45
f 941/49/40 942/50/40 943/51/40
f 944/52/41 945/20/41 946/53/41
f 947/54/42 948/55/42 949/56/42
f 950/57/43 951/58/43 952/37/43
f 935/44/23 929/39/23 931/41/23 936/45/23
f 930/59/24 932/42/24 934/32/24 931/31/24
f 933/43/25 938/47/25 940/33/25 934/32/25
f 939/36/26 937/35/26 936/34/26 940/33/26
f 947/54/27 935/44/27 937/46/27 948/55/27
f 938/60/28 950/57/28 952/37/28 939/36/28
f 951/24/29 949/23/29 948/38/29 952/37/29
f 941/49/30 947/54/30 949/23/30 942/26/30
f 950/27/31 944/30/31 946/25/31 951/24/31
f 945/20/32 943/19/32 942/26/32 946/25/32
f 929/39/33 941/49/33 943/51/33 930/40/33
f 944/52/34 933/61/34 932/21/34 945/20/34
f 935/44/35 947/54/35 941/49/35 929/39/35
f 967/19/10 969/20/10 956/21/10 954/22/10
f 973/23/11 975/24/11 970/25/11 966/26/11
f 974/27/12 962/28/12 957/29/12 968/30/12
f 955/31/13 958/32/13 964/33/13 960/34/13
f 961/35/14 963/36/14 976/37/14 972/38/14
f 953/39/56 954/40/56 955/41/56
f 956/42/57 957/43/57 958/32/57
f 959/44/58 960/45/58 961/46/58
f 962/47/59 963/48/59 964/33/59
f 965/49/66 966/50/66 967/51/66
f 968/52/67 969/20/67 970/53/67
f 971/54/68 972/55/68 973/56/68
f 974/57/69 975/58/69 976/37/69
f 959/44/23 953/39/23 955/41/23 960/45/23
f 954/59/24 956/42/24 958/32/24 955/31/24
f 957/43/25 962/47/25 964/33/25 958/32/25
f 963/36/26 961/35/26 960/34/26 964/33/26
f 971/54/27 959/44/27 961/46/27 972/55/27
f 962/60/28 974/57/28 976/37/28 963/36/28
f 975/24/29 973/23/29 972/38/29 976/37/29
f 965/49/30 971/54/30 973/23/30 966/26/30
f 974/27/31 968/30/31 970/25/31 975/24/31
f 969/20/32 967/19/32 966/26/32 970/25/32
f 953/39/33 965/49/33 967/51/33 954/40/33
f 968/52/34 957/61/34 956/21/34 969/20/34
f 959/44/35 971/54/35 965/49/35 953/39/35
f 991/19/10 993/20/10 980/21/10 978/22/10
f 997/23/11 999/24/11 994/25/11 990/26/11
f 998/27/12 986/28/12 981/29/12 992/30/12
f 979/31/13 982/32/13 988/33/13 984/34/13
f 985/35/14 987/36/14 1000/37/14 996/38/14
f 977/39/60 978/40/60 979/41/60
f 980/42/61 981/43/61 982/32/61
f 983/44/38 984/45/38 985/46/38
f 986/47/39 987/48/39 988/33/39
f 989/49/66 990/50/66 991/51/66
f 992/52/67 993/20/67 994/53/67
f 995/54/68 996/55/68 997/56/68
f 998/57/69 999/58/69 1000/37/69
f 983/44/23 977/39/23 979/41/23 984/45/23
f 978/59/24 980/42/24 982/32/24 979/31/24
f 981/43/25 986/47/25 988/33/25 982/32/25
f 987/36/26 985/35/26 984/34/26 988/33/26
f 995/54/27 983/44/27 985/46/27 996/55/27
f 986/60/28 998/57/28 1000/37/28 987/36/28
f 999/24/29 997/23/29 996/38/29 1000/37/29
f 989/49/30 995/54/30 997/23/30 990/26/30
f 998/27/31 992/30/31 994/25/31 999/24/31
f 993/20/32 991/19/32 990/26/32 994/25/32
f 977/39/33 989/49/33 991/51/33 978/40/33
f 992/52/34 981/61/34 980/21/34 993/20/34
f 983/44/35 995/54/35 989/49/35 977/39/35
f 1015/19/10 1017/20/10 1004/21/10 1002/22/10
f 1021/23/11 1023/24/11 1018/25/11 1014/26/11
f 1022/27/12 1010/28/12 1005/29/12 1016/30/12
f 1003/31/13 1006/32/13 1012/33/13 1008/34/13
f 1009/35/14 1011/36/14 1024/37/14 1020/38/14
f 1001/39/56 1002/40/56 1003/41/56
f 1004/42/57 1005/43/57 1006/32/57
f 1007/44/58 1008/45/58 1009/46/58
f 1010/47/59 1011/48/59 1012/33/59
f 1013/49/62 1014/50/62 1015/51/62
f 1016/52/63 1017/20/63 1018/53/63
f 1019/54/54 1020/55/54 1021/56/54
f 1022/57/55 1023/58/55 1024/37/55
f 1007/44/23 1001/39/23 1003/41/23 1008/45/23
f 1002/59/24 1004/42/24 1006/32/24 1003/31/24
f 1005/43/25 1010/47/25 1012/33/25 1006/32/25
f 1011/36/26 1009/35/26 1008/34/26 1012/33/26
f 1019/54/27 1007/44/27 1009/46/27 1020/55/27
f 1010/60/28 1022/57/28 1024/37/28 1011/36/28
f 1023/24/29 1021/23/29 1020/38/29 1024/37/29
f 1013/49/30 1019/54/30 1021/23/30 1014/26/30
f 1022/27/31 1016/30/31 1018/25/31 1023/24/31
f 1017/20/32 1015/19/32 1014/26/32 1018/25/32
f 1001/39/33 1013/49/33 1015/51/33 1002/40/33
f 1016/52/34 1005/61/34 1004/21/34 1017/20/34
f 1007/44/35 1019/54/35 1013/49/35 1001/39/35
f 1039/19/10 1041/20/10 1028/21/10 1026/22/10
f 1045/23/11 1047/24/11 1042/25/11 1038/26/11
f 1046/27/12 1034/28/12 1029/29/12 1040/30/12
f 1027/31/13 1030/32/13 1036/33/13 1032/34/13
f 1033/35/14 1035/36/14 1048/37/14 1044/38/14
f 1025/39/56 1026/40/56 1027/41/56
f 1028/42/57 1029/43/57 1030/32/57
f 1031/44/58 1032/45/58 1033/46/58
f 1034/47/59 1035/48/59 1036/33/59
f 1037/49/66 1038/50/66 1039/51/66
f 1040/52/67 1041/20/67 1042/53/67
f 1043/54/68 1044/55/68 1045/56/68
f 1046/57/69 1047/58/69 1048/37/69
f 1031/44/23 1025/39/23 1027/41/23 1032/45/23
f 1026/59/24 1028/42/24 1030/32/24 1027/31/24
f 1029/43/25 1034/47/25 1036/33/25 1030/32/25
f 1035/36/26 1033/35/26 1032/34/26 1036/33/26
f 1043/54/27 1031/44/27 1033/46/27 1044/55/27
f 1034/60/28 1046/57/28 1048/37/28 1035/36/28
f 1047/24/29 1045/23/29 1044/38/29 1048/37/29
f 1037/49/30 1043/54/30 1045/23/30 1038/26/30
f 1046/27/31 1040/30/31 1042/25/31 1047/24/31
f 1041/20/32 1039/19/32 1038/26/32 1042/25/32
f 1025/39/33 1037/49/33 1039/51/33 1026/40/33
f 1040/52/34 1029/61/34 1028/21/34 1041/20/34
f 1031/44/35 1043/54/35 1037/49/35 1025/39/35
f 1063/19/10 1065/20/10 1052/21/10 1050/22/10
f 1069/23/11 1071/24/11 1066/25/11 1062/26/11
f 1070/27/12 1058/28/12 1053/29/12 1064/30/12
f 1051/31/13 1054/32/13 1060/33/13 1056/34/13
f 1057/35/14 1059/36/14 1072/37/14 1068/38/14
f 1049/39/60 1050/40/60 1051/41/60
f 1052/42/61 1053/43/61 1054/32/61
f 1055/44/38 1056/45/38 1057/46/38
f 1058/47/39 1059/48/39 1060/33/39
f 1061/49/66 1062/50/66 1063/51/66
f 1064/52/67 1065/20/67 1066/53/67
f 1067/54/68 1068/55/68 1069/56/68
f 1070/57/69 1071/58/69 1072/37/69
f 1055/44/23 1049/39/23 1051/41/23 1056/45/23
f 1050/59/24 1052/42/24 1054/32/24 1051/31/24
f 1053/43/25 1058/47/25 1060/33/25 1054/32/25
f 1059/36/26 1057/35/26 1056/34/26 1060/33/26
f 1067/54/27 1055/44/27 1057/46/27 1068/55/27
f 1058/60/28 1070/57/28 1072/37/28 1059/36/28
f 1071/24/29 1069/23/29 1068/38/29 1072/37/29
f 1061/49/30 1067/54/30 1069/23/30 1062/26/30
f 1070/27/31 1064/30/31 1066/25/31 1071/24/31
f 1065/20/32 1063/19/32 1062/26/32 1066/25/32
f 1049/39/33 1061/49/33 1063/51/33 1050/40/33
f 1064/52/34 1053/61/34 1052/21/34 1065/20/34
f 1055/44/35 1067/54/35 1061/49/35 1049/39/35
f 1087/19/10 1089/20/10 1076/21/10 1074/22/10
f 1093/23/11 1095/24/11 1090/25/11 1086/26/11
f 1094/27/12 1082/28/12 1077/29/12 1088/30/12
f 1075/31/13 1078/32/13 1084/33/13 1080/34/13
f 1081/35/14 1083/36/14 1096/37/14 1092/38/14
f 1073/39/60 1074/40/60 1075/41/60
f 1076/42/61 1077/43/61 1078/32/61
f 1079/44/38 1080/45/38 1081/46/38
f 1082/47/39 1083/48/39 1084/33/39
f 1085/49/66 1086/50/66 1087/51/66
f 1088/52/67 1089/20/67 1090/53/67
f 1091/54/68 1092/55/68 1093/56/68
f 1094/57/69 1095/58/69 1096/37/69
f 1079/44/23 1073/39/23 1075/41/23 1080/45/23
f 1074/59/24 1076/42/24 1078/32/24 1075/31/24
f 1077/43/25 1082/47/25 1084/33/25 1078/32/25
f 1083/36/26 1081/35/26 1080/34/26 1084/33/26
f 1091/54/27 1079/44/27 1081/46/27 1092/55/27
f 1082/60/28 1094/57/28 1096/37/28 1083/36/28
f 1095/24/29 1093/23/29 1092/38/29 1096/37/29
f 1085/49/30 1091/54/30 1093/23/30 1086/26/30
f 1094/27/31 1088/30/31 1090/25/31 1095/24/31
f 1089/20/32 1087/19/32 1086/26/32 1090/25/32
f 1073/39/33 1085/49/33 1087/51/33 1074/40/33
f 1088/52/34 1077/61/34 1076/21/34 1089/20/34
f 1079/44/35 1091/54/35 1085/49/35 1073/39/35
f 1111/19/10 1113/20/10 1100/21/10 1098/22/10
f 1117/23/11 1119/24/11 1114/25/11 1110/26/11
f 1118/27/12 1106/28/12 1101/29/12 1112/30/12
f 1099/31/13 1102/32/13 1108/33/13 1104/34/13
f 1105/35/14 1107/36/14 1120/37/14 1116/38/14
f 1097/39/36 1098/40/36 1099/41/36
f 1100/42/37 1101/43/37 1102/32/37
f 1103/44/44 1104/45/44 1105/46/44
f 1106/47/45 1107/48/45 1108/33/45
f 1109/49/40 1110/50/40 1111/51/40
f 1112/52/41 1113/20/41 1114/53/41
f 1115/54/42 1116/55/42 1117/56/42
f 1118/57/43 1119/58/43 1120/37/43
f 1103/44/23 1097/39/23 1099/41/23 1104/45/23
f 1098/59/24 1100/42/24 1102/32/24 1099/31/24
f 1101/43/25 1106/47/25 1108/33/25 1102/32/25
f 1107/36/26 1105/35/26 1104/34/26 1108/33/26
f 1115/54/27 1103/44/27 1105/46/27 1116/55/27
f 1106/60/28 1118/57/28 1120/37/28 1107/36/28
f 1119/24/29 1117/23/29 1116/38/29 1120/37/29
f 1109/49/30 1115/54/30 1117/23/30 1110/26/30
f 1118/27/31 1112/30/31 1114/25/31 1119/24/31
f 1113/20/32 1111/19/32 1110/26/32 1114/25/32
f 1097/39/33 1109/49/33 1111/51/33 1098/40/33
f 1112/52/34 1101/61/34 1100/21/34 1113/20/34
f 1103/44/35 1115/54/35 1109/49/35 1097/39/35
f 1135/19/10 1137/20/10 1124/21/10 1122/22/10
f 1141/23/11 1143/24/11 1138/25/11 1134/26/11
f 1142/27/12 1130/28/12 1125/29/12 1136/30/12
f 1123/31/13 1126/32/13 1132/33/13 1128/34/13
f 1129/35/14 1131/36/14 1144/37/14 1140/38/14
f 1121/39/56 1122/40/56 1123/41/56
f 1124/42/57 1125/43/57 1126/32/57
f 1127/44/58 1128/45/58 1129/46/58
f 1130/47/59 1131/48/59 1132/33/59
f 1133/49/66 1134/50/66 1135/51/66
f 1136/52/67 1137/20/67 1138/53/67
f 1139/54/68 1140/55/68 1141/56/68
f 1142/57/69 1143/58/69 1144/37/69
f 1127/44/23 1121/39/23 1123/41/23 1128/45/23
f 1122/59/24 1124/42/24 1126/32/24 1123/31/24
f 1125/43/25 1130/47/25 1132/33/25 1126/32/25
f 1131/36/26 1129/35/26 1128/34/26 1132/33/26
f 1139/54/27 1127/44/27 1129/46/27 1140/55/27
f 1130/60/28 1142/57/28 1144/37/28 1131/36/28
f 1143/24/29 1141/23/29 1140/38/29 1144/37/29
f 1133/49/30 1139/54/30 1141/23/30 1134/26/30
f 1142/27/31 1136/30/31 1138/25/31 1143/24/31
f 1137/20/32 1135/19/32 1134/26/32 1138/25/32
f 1121/39/33 1133/49/33 1135/51/33 1122/40/33
f 1136/52/34 1125/61/34 1124/21/34 1137/20/34
f 1127/44/35 1139/54/35 1133/49/35 1121/39/35
f 1159/19/10 1161/20/10 1148/21/10 1146/22/10
f 1165/23/11 1167/24/11 1162/25/11 1158/26/11
f 1166/27/12 1154/28/12 1149/29/12 1160/30/12
f 1147/31/13 1150/32/13 1156/33/13 1152/34/13
f 1153/35/14 1155/36/14 1168/37/14 1164/38/14
f 1145/39/76 1146/40/76 1147/41/76
f 1148/42/77 1149/43/77 1150/32/77
f 1151/44/44 1152/45/44 1153/46/44
f 1154/47/45 1155/48/45 1156/33/45
f 1157/49/78 1158/50/78 1159/51/78
f 1160/52/79 1161/20/79 1162/53/79
f 1163/54/68 1164/55/68 1165/56/68
f 1166/57/69 1167/58/69 1168/37/69
f 1151/44/23 1145/39/23 1147/41/23 1152/45/23
f 1146/59/24 1148/42/24 1150/32/24 1147/31/24
f 1149/43/25 1154/47/25 1156/33/25 1150/32/25
f 1155/36/26 1153/35/26 1152/34/26 1156/33/26
f 1163/54/27 1151/44/27 1153/46/27 1164/55/27
f 1154/60/28 1166/57/28 1168/37/28 1155/36/28
f 1167/24/29 1165/23/29 1164/38/29 1168/37/29
f 1157/49/30 1163/54/30 1165/23/30 1158/26/30
f 1166/27/31 1160/30/31 1162/25/31 1167/24/31
f 1161/20/32 1159/19/32 1158/26/32 1162/25/32
f 1145/39/33 1157/49/33 1159/51/33 1146/40/33
f 1160/52/34 1149/61/34 1148/21/34 1161/20/34
f 1151/44/35 1163/54/35 1157/49/35 1145/39/35
f 1183/19/10 1185/20/10 1172/21/10 1170/22/10
f 1189/23/11 1191/24/11 1186/25/11 1182/26/11
f 1190/27/12 1178/28/12 1173/29/12 1184/30/12
f 1171/31/13 1174/32/13 1180/33/13 1176/34/13
f 1177/35/14 1179/36/14 1192/37/14 1188/38/14
f 1169/39/76 1170/40/76 1171/41/76
f 1172/42/77 1173/43/77 1174/32/77
f 1175/44/58 1176/45/58 1177/46/58
f 1178/47/59 1179/48/59 1180/33/59
f 1181/49/78 1182/50/78 1183/51/78
f 1184/52/79 1185/20/79 1186/53/79
f 1187/54/68 1188/55/68 1189/56/68
f 1190/57/69 1191/58/69 1192/37/69
f 1175/44/23 1169/39/23 1171/41/23 1176/45/23
f 1170/59/24 1172/42/24 1174/32/24 1171/31/24
f 1173/43/25 1178/47/25 1180/33/25 1174/32/25
f 1179/36/26 1177/35/26 1176/34/26 1180/33/26
f 1187/54/27 1175/44/27 1177/46/27 1188/55/27
f 1178/60/28 1190/57/28 1192/37/28 1179/36/28
f 1191/24/29 1189/23/29 1188/38/29 1192/37/29
f 1181/49/30 1187/54/30 1189/23/30 1182/26/30
f 1190/27/31 1184/30/31 1186/25/31 1191/24/31
f 1185/20/32 1183/19/32 1182/26/32 1186/25/32
f 1169/39/33 1181/49/33 1183/51/33 1170/40/33
f 1184/52/34 1173/61/34 1172/21/34 1185/20/34
f 1175/44/35 1187/54/35 1181/49/35 1169/39/35
f 1207/19/10 1209/20/10 1196/21/10 1194/22/10
f 1213/23/11 1215/24/11 1210/25/11 1206/26/11
f 1214/27/12 1202/28/12 1197/29/12 1208/30/12
f 1195/31/13 1198/32/13 1204/33/13 1200/34/13
f 1201/35/14 1203/36/14 1216/37/14 1212/38/14
f 1193/39/76 1194/40/76 1195/41/76
f 1196/42/77 1197/43/77 1198/32/77
f 1199/44/58 1200/45/58 1201/46/58
f 1202/47/59 1203/48/59 1204/33/59
f 1205/49/78 1206/50/78 1207/51/78
f 1208/52/79 1209/20/79 1210/53/79
f 1211/54/68 1212/55/68 1213/56/68
f 1214/57/69 1215/58/69 1216/37/69
f 1199/44/23 1193/39/23 1195/41/23 1200/45/23
f 1194/59/24 1196/42/24 1198/32/24 1195/31/24
f 1197/43/25 1202/47/25 1204/33/25 1198/32/25
f 1203/36/26 1201/35/26 1200/34/26 1204/33/26
f 1211/54/27 1199/44/27 1201/46/27 1212/55/27
f 1202/60/28 1214/57/28 1216/37/28 1203/36/28
f 1215/24/29 1213/23/29 1212/38/29 1216/37/29
f 1205/49/30 1211/54/30 1213/23/30 1206/26/30
f 1214/27/31 1208/30/31 1210/25/31 1215/24/31
f 1209/20/32 1207/19/32 1206/26/32 1210/25/32
f 1193/39/33 1205/49/33 1207/51/33 1194/40/33
f 1208/52/34 1197/61/34 1196/21/34 1209/20/34
f 1199/44/35 1211/54/35 1205/49/35 1193/39/35
f 1231/19/10 1233/20/10 1220/21/10 1218/22/10
f 1237/23/11 1239/24/11 1234/25/11 1230/26/11
f 1238/27/12 1226/28/12 1221/29/12 1232/30/12
f 1219/31/13 1222/32/13 1228/33/13 1224/34/13
f 1225/35/14 1227/36/14 1240/37/14 1236/38/14
f 1217/39/64 1218/40/64 1219/41/64
f 1220/42/65 1221/43/65 1222/32/65
f 1223/44/38 1224/45/38 1225/46/38
f 1226/47/39 1227/48/39 1228/33/39
f 1229/49/78 1230/50/78 1231/51/78
f 1232/52/79 1233/20/79 1234/53/79
f 1235/54/68 1236/55/68 1237/56/68
f 1238/57/69 1239/58/69 1240/37/69
f 1223/44/23 1217/39/23 1219/41/23 1224/45/23
f 1218/59/24 1220/42/24 1222/32/24 1219/31/24
f 1221/43/25 1226/47/25 1228/33/25 1222/32/25
f 1227/36/26 1225/35/26 1224/34/26 1228/33/26
f 1235/54/27 1223/44/27 1225/46/27 1236/55/27
f 1226/60/28 1238/57/28 1240/37/28 1227/36/28
f 1239/24/29 1237/23/29 1236/38/29 1240/37/29
f 1229/49/30 1235/54/30 1237/23/30 1230/26/30
f 1238/27/31 1232/30/31 1234/25/31 1239/24/31
f 1233/20/32 1231/19/32 1230/26/32 1234/25/32
f 1217/39/33 1229/49/33 1231/51/33 1218/40/33
f 1232/52/34 1221/61/34 1220/21/34 1233/20/34
f 1223/44/35 1235/54/35 1229/49/35 1217/39/35
f 1255/19/10 1257/20/10 1244/21/10 1242/22/10
f 1261/23/11 1263/24/11 1258/25/11 1254/26/11
f 1262/27/12 1250/28/12 1245/29/12 1256/30/12
f 1243/31/13 1246/32/13 1252/33/13 1248/34/13
f 1249/35/14 1251/36/14 1264/37/14 1260/38/14
f 1241/39/76 1242/40/76 1243/41/76
f 1244/42/77 1245/43/77 1246/32/77
f 1247/44/58 1248/45/58 1249/46/58
f 1250/47/59 1251/48/59 1252/33/59
f 1253/49/80 1254/50/80 1255/51/80
f 1256/52/81 1257/20/81 1258/53/81
f 1259/54/54 1260/55/54 1261/56/54
f 1262/57/55 1263/58/55 1264/37/55
f 1247/44/23 1241/39/23 1243/41/23 1248/45/23
f 1242/59/24 1244/42/24 1246/32/24 1243/31/24
f 1245/43/25 1250/47/25 1252/33/25 1246/32/25
f 1251/36/26 1249/35/26 1248/34/26 1252/33/26
f 1259/54/27 1247/44/27 1249/46/27 1260/55/27
f 1250/60/28 1262/57/28 1264/37/28 1251/36/28
f 1263/24/29 1261/23/29 1260/38/29 1264/37/29
f 1253/49/30 1259/54/30 1261/23/30 1254/26/30
f 1262/27/31 1256/30/31 1258/25/31 1263/24/31
f 1257/20/32 1255/19/32 1254/26/32 1258/25/32
f 1241/39/33 1253/49/33 1255/51/33 1242/40/33
f 1256/52/34 1245/61/34 1244/21/34 1257/20/34
f 1247/44/35 1259/54/35 1253/49/35 1241/39/35
f 1279/19/10 1281/20/10 1268/21/10 1266/22/10
f 1285/23/11 1287/24/11 1282/25/11 1278/26/11
f 1286/27/12 1274/28/12 1269/29/12 1280/30/12
f 1267/31/13 1270/32/13 1276/33/13 1272/34/13
f 1273/35/14 1275/36/14 1288/37/14 1284/38/14
f 1265/39/76 1266/40/76 1267/41/76
f 1268/42/77 1269/43/77 1270/32/77
f 1271/44/58 1272/45/58 1273/46/58
f 1274/47/59 1275/48/59 1276/33/59
f 1277/49/62 1278/50/62 1279/51/62
f 1280/52/63 1281/20/63 1282/53/63
f 1283/54/54 1284/55/54 1285/56/54
f 1286/57/55 1287/58/55 1288/37/55
f 1271/44/23 1265/39/23 1267/41/23 1272/45/23
f 1266/59/24 1268/42/24 1270/32/24 1267/31/24
f 1269/43/25 1274/47/25 1276/33/25 1270/32/25
f 1275/36/26 1273/35/26 1272/34/26 1276/33/26
f 1283/54/27 1271/44/27 1273/46/27 1284/55/27
f 1274/60/28 1286/57/28 1288/37/28 1275/36/28
f 1287/24/29 1285/23/29 1284/38/29 1288/37/29
f 1277/49/30 1283/54/30 1285/23/30 1278/26/30
f 1286/27/31 1280/30/31 1282/25/31 1287/24/31
f 1281/20/32 1279/19/32 1278/26/32 1282/25/32
f 1265/39/33 1277/49/33 1279/51/33 1266/40/33
f 1280/52/34 1269/61/34 1268/21/34 1281/20/34
f 1271/44/35 1283/54/35 1277/49/35 1265/39/35
f 1303/19/10 1305/20/10 1292/21/10 1290/22/10
f 1309/23/11 1311/24/11 1306/25/11 1302/26/11
f 1310/27/12 1298/28/12 1293/29/12 1304/30/12
f 1291/31/13 1294/32/13 1300/33/13 1296/34/13
f 1297/35/14 1299/36/14 1312/37/14 1308/38/14
f 1289/39/60 1290/40/60 1291/41/60
f 1292/42/61 1293/43/61 1294/32/61
f 1295/44/38 1296/45/38 1297/46/38
f 1298/47/39 1299/48/39 1300/33/39
f 1301/49/78 1302/50/78 1303/51/78
f 1304/52/79 1305/20/79 1306/53/79
f 1307/54/68 1308/55/68 1309/56/68
f 1310/57/69 1311/58/69 1312/37/69
f 1295/44/23 1289/39/23 1291/41/23 1296/45/23
f 1290/59/24 1292/42/24 1294/32/24 1291/31/24
f 1293/43/25 1298/47/25 1300/33/25 1294/32/25
f 1299/36/26 1297/35/26 1296/34/26 1300/33/26
f 1307/54/27 1295/44/27 1297/46/27 1308/55/27
f 1298/60/28 1310/57/28 1312/37/28 1299/36/28
f 1311/24/29 1309/23/29 1308/38/29 1312/37/29
f 1301/49/30 1307/54/30 1309/23/30 1302/26/30
f 1310/27/31 1304/30/31 1306/25/31 1311/24/31
f 1305/20/32 1303/19/32 1302/26/32 1306/25/32
f 1289/39/33 1301/49/33 1303/51/33 1290/40/33
f 1304/52/34 1293/61/34 1292/21/34 1305/20/34
f 1295/44/35 1307/54/35 1301/49/35 1289/39/35
f 1327/19/13 1329/20/13 1316/21/13 1314/22/13
f 1333/23/10 1335/24/10 1330/25/10 1326/26/10
f 1334/27/12 1322/28/12 1317/29/12 1328/30/12
f 1315/31/14 1318/32/14 1324/33/14 1320/34/14
f 1321/35/11 1323/36/11 1336/37/11 1332/38/11
f 1313/39/48 1314/40/48 1315/41/48
f 1316/42/49 1317/43/49 1318/32/49
f 1319/44/68 1320/45/68 1321/46/68
f 1322/47/69 1323/48/69 1324/33/69
f 1325/49/46 1326/50/46 1327/51/46
f 1328/52/47 1329/20/47 1330/53/47
f 1331/54/50 1332/55/50 1333/56/50
f 1334/57/51 1335/58/51 1336/37/51
f 1319/44/27 1313/39/27 1315/41/27 1320/45/27
f 1314/59/26 1316/42/26 1318/32/26 1315/31/26
f 1317/43/28 1322/47/28 1324/33/28 1318/32/28
f 1323/36/29 1321/35/29 1320/34/29 1324/33/29
f 1331/54/30 1319/44/30 1321/46/30 1332/55/30
f 1322/60/31 1334/57/31 1336/37/31 1323/36/31
f 1335/24/32 1333/23/32 1332/38/32 1336/37/32
f 1325/49/33 1331/54/33 1333/23/33 1326/26/33
f 1334/27/34 1328/30/34 1330/25/34 1335/24/34
f 1329/20/24 1327/19/24 1326/26/24 1330/25/24
f 1313/39/23 1325/49/23 1327/51/23 1314/40/23
f 1328/52/25 1317/61/25 1316/21/25 1329/20/25
f 1319/44/35 1331/54/35 1325/49/35 1313/39/35
f 1351/19/13 1353/20/13 1340/21/13 1338/22/13
f 1357/23/10 1359/24/10 1354/25/10 1350/26/10
f 1358/27/12 1346/28/12 1341/29/12 1352/30/12
f 1339/31/14 1342/32/14 1348/33/14 1344/34/14
f 1345/35/11 1347/36/11 1360/37/11 1356/38/11
f 1337/39/72 1338/40/72 1339/41/72
f 1340/42/73 1341/43/73 1342/32/73
f 1343/44/74 1344/45/74 1345/46/74
f 1346/47/75 1347/48/75 1348/33/75
f 1349/49/76 1350/50/76 1351/51/76
f 1352/52/77 1353/20/77 1354/53/77
f 1355/54/78 1356/55/78 1357/56/78
f 1358/57/79 1359/58/79 1360/37/79
f 1343/44/27 1337/39/27 1339/41/27 1344/45/27
f 1338/59/26 1340/42/26 1342/32/26 1339/31/26
f 1341/43/28 1346/47/28 1348/33/28 1342/32/28
f 1347/36/29 1345/35/29 1344/34/29 1348/33/29
f 1355/54/30 1343/44/30 1345/46/30 1356/55/30
f 1346/60/31 1358/57/31 1360/37/31 1347/36/31
f 1359/24/32 1357/23/32 1356/38/32 1360/37/32
f 1349/49/33 1355/54/33 1357/23/33 1350/26/33
f 1358/27/34 1352/30/34 1354/25/34 1359/24/34
f 1353/20/24 1351/19/24 1350/26/24 1354/25/24
f 1337/39/23 1349/49/23 1351/51/23 1338/40/23
f 1352/52/25 1341/61/25 1340/21/25 1353/20/25
f 1343/44/35 1355/54/35 1349/49/35 1337/39/35
f 1375/19/13 1377/20/13 1364/21/13 1362/22/13
f 1381/23/10 1383/24/10 1378/25/10 1374/26/10
f 1382/27/12 1370/28/12 1365/29/12 1376/30/12
f 1363/31/14 1366/32/14 1372/33/14 1368/34/14
f 1369/35/11 1371/36/11 1384/37/11 1380/38/11
f 1361/39/48 1362/40/48 1363/41/48
f 1364/42/49 1365/43/49 1366/32/49
f 1367/44/52 1368/45/52 1369/46/52
f 1370/47/53 1371/48/53 1372/33/53
f 1373/49/46 1374/50/46 1375/51/46
f 1376/52/47 1377/20/47 1378/53/47
f 1379/54/50 1380/55/50 1381/56/50
f 1382/57/51 1383/58/51 1384/37/51
f 1367/44/27 1361/39/27 1363/41/27 1368/45/27
f 1362/59/26 1364/42/26 1366/32/26 1363/31/26
f 1365/43/28 1370/47/28 1372/33/28 1366/32/28
f 1371/36/29 1369/35/29 1368/34/29 1372/33/29
f 1379/54/30 1367/44/30 1369/46/30 1380/55/30
f 1370/60/31 1382/57/31 1384/37/31 1371/36/31
f 1383/24/32 1381/23/32 1380/38/32 1384/37/32
f 1373/49/33 1379/54/33 1381/23/33 1374/26/33
f 1382/27/34 1376/30/34 1378/25/34 1383/24/34
f 1377/20/24 1375/19/24 1374/26/24 1378/25/24
f 1361/39/23 1373/49/23 1375/51/23 1362/40/23
f 1376/52/25 1365/61/25 1364/21/25 1377/20/25
f 1367/44/35 1379/54/35 1373/49/35 1361/39/35
f 1399/19/13 1401/20/13 1388/21/13 1386/22/13
f 1405/23/10 1407/24/10 1402/25/10 1398/26/10
f 1406/27/12 1394/28/12 1389/29/12 1400/30/12
f 1387/31/14 1390/32/14 1396/33/14 1392/34/14
f 1393/35/11 1395/36/11 1408/37/11 1404/38/11
f 1385/39/70 1386/40/70 1387/41/70
f 1388/42/71 1389/43/71 1390/32/71
f 1391/44/68 1392/45/68 1393/46/68
f 1394/47/69 1395/48/69 1396/33/69
f 1397/49/46 1398/50/46 1399/51/46
f 1400/52/47 1401/20/47 1402/53/47
f 1403/54/50 1404/55/50 1405/56/50
f 1406/57/51 1407/58/51 1408/37/51
f 1391/44/27 1385/39/27 1387/41/27 1392/45/27
f 1386/59/26 1388/42/26 1390/32/26 1387/31/26
f 1389/43/28 1394/47/28 1396/33/28 1390/32/28
f 1395/36/29 1393/35/29 1392/34/29 1396/33/29
f 1403/54/30 1391/44/30 1393/46/30 1404/55/30
f 1394/60/31 1406/57/31 1408/37/31 1395/36/31
f 1407/24/32 1405/23/32 1404/38/32 1408/37/32
f 1397/49/33 1403/54/33 1405/23/33 1398/26/33
f 1406/27/34 1400/30/34 1402/25/34 1407/24/34
f 1401/20/24 1399/19/24 1398/26/24 1402/25/24
f 1385/39/23 1397/49/23 1399/51/23 1386/40/23
f 1400/52/25 1389/61/25 1388/21/25 1401/20/25
f 1391/44/35 1403/54/35 1397/49/35 1385/39/35
f 1423/19/13 1425/20/13 1412/21/13 1410/22/13
f 1429/23/10 1431/24/10 1426/25/10 1422/26/10
f 1430/27/12 1418/28/12 1413/29/12 1424/30/12
f 1411/31/14 1414/32/14 1420/33/14 1416/34/14
f 1417/35/11 1419/36/11 1432/37/11 1428/38/11
f 1409/39/70 1410/40/70 1411/41/70
f 1412/42/71 1413/43/71 1414/32/71
f 1415/44/52 1416/45/52 1417/46/52
f 1418/47/53 1419/48/53 1420/33/53
f 1421/49/64 1422/50/64 1423/51/64
f 1424/52/65 1425/20/65 1426/53/65
f 1427/54/66 1428/55/66 1429/56/66
f 1430/57/67 1431/58/67 1432/37/67
f 1415/44/27 1409/39/27 1411/41/27 1416/45/27
f 1410/59/26 1412/42/26 1414/32/26 1411/31/26
f 1413/43/28 1418/47/28 1420/33/28 1414/32/28
f 1419/36/29 1417/35/29 1416/34/29 1420/33/29
f 1427/54/30 1415/44/30 1417/46/30 1428/55/30
f 1418/60/31 1430/57/31 1432/37/31 1419/36/31
f 1431/24/32 1429/23/32 1428/38/32 1432/37/32
f 1421/49/33 1427/54/33 1429/23/33 1422/26/33
f 1430/27/34 1424/30/34 1426/25/34 1431/24/34
f 1425/20/24 1423/19/24 1422/26/24 1426/25/24
f 1409/39/23 1421/49/23 1423/51/23 1410/40/23
f 1424/52/25 1413/61/25 1412/21/25 1425/20/25
f 1415/44/35 1427/54/35 1421/49/35 1409/39/35
f 1447/19/13 1449/20/13 1436/21/13 1434/22/13
f 1453/23/10 1455/24/10 1450/25/10 1446/26/10
f 1454/27/12 1442/28/12 1437/29/12 1448/30/12
f 1435/31/14 1438/32/14 1444/33/14 1440/34/14
f 1441/35/11 1443/36/11 1456/37/11 1452/38/11
f 1433/39/44 1434/40/44 1435/41/44
f 1436/42/45 1437/43/45 1438/32/45
f 1439/44/68 1440/45/68 1441/46/68
f 1442/47/69 1443/48/69 1444/33/69
f 1445/49/64 1446/50/64 1447/51/64
f 1448/52/65 1449/20/65 1450/53/65
f 1451/54/50 1452/55/50 1453/56/50
f 1454/57/51 1455/58/51 1456/37/51
f 1439/44/27 1433/39/27 1435/41/27 1440/45/27
f 1434/59/26 1436/42/26 1438/32/26 1435/31/26
f 1437/43/28 1442/47/28 1444/33/28 1438/32/28
f 1443/36/29 1441/35/29 1440/34/29 1444/33/29
f 1451/54/30 1439/44/30 1441/46/30 1452/55/30
f 1442/60/31 1454/57/31 1456/37/31 1443/36/31
f 1455/24/32 1453/23/32 1452/38/32 1456/37/32
f 1445/49/33 1451/54/33 1453/23/33 1446/26/33
f 1454/27/34 1448/30/34 1450/25/34 1455/24/34
f 1449/20/24 1447/19/24 1446/26/24 1450/25/24
f 1433/39/23 1445/49/23 1447/51/23 1434/40/23
f 1448/52/25 1437/61/25 1436/21/25 1449/20/25
f 1439/44/35 1451/54/35 1445/49/35 1433/39/35
f 1471/19/13 1473/20/13 1460/21/13 1458/22/13
f 1477/23/10 1479/24/10 1474/25/10 1470/26/10
f 1478/27/12 1466/28/12 1461/29/12 1472/30/12
f 1459/31/14 1462/32/14 1468/33/14 1464/34/14
f 1465/35/11 1467/36/11 1480/37/11 1476/38/11
f 1457/39/48 1458/40/48 1459/41/48
f 1460/42/59 1461/43/59 1462/32/59
f 1463/44/68 1464/45/68 1465/46/68
f 1466/47/69 1467/48/69 1468/33/69
f 1469/49/36 1470/50/36 1471/51/36
f 1472/52/37 1473/20/37 1474/53/37
f 1475/54/66 1476/55/66 1477/56/66
f 1478/57/67 1479/58/67 1480/37/67
f 1463/44/27 1457/39/27 1459/41/27 1464/45/27
f 1458/59/26 1460/42/26 1462/32/26 1459/31/26
f 1461/43/28 1466/47/28 1468/33/28 1462/32/28
f 1467/36/29 1465/35/29 1464/34/29 1468/33/29
f 1475/54/30 1463/44/30 1465/46/30 1476/55/30
f 1466/60/31 1478/57/31 1480/37/31 1467/36/31
f 1479/24/32 1477/23/32 1476/38/32 1480/37/32
f 1469/49/33 1475/54/33 1477/23/33 1470/26/33
f 1478/27/34 1472/30/34 1474/25/34 1479/24/34
f 1473/20/24 1471/19/24 1470/26/24 1474/25/24
f 1457/39/23 1469/49/23 1471/51/23 1458/40/23
f 1472/52/25 1461/61/25 1460/21/25 1473/20/25
f 1463/44/35 1475/54/35 1469/49/35 1457/39/35
f 1495/19/13 1497/20/13 1484/21/13 1482/22/13
f 1501/23/10 1503/24/10 1498/25/10 1494/26/10
f 1502/27/12 1490/28/12 1485/29/12 1496/30/12
f 1483/31/14 1486/32/14 1492/33/14 1488/34/14
f 1489/35/11 1491/36/11 1504/37/11 1500/38/11
f 1481/39/58 1482/40/58 1483/41/58
f 1484/42/59 1485/43/59 1486/32/59
f 1487/44/68 1488/45/68 1489/46/68
f 1490/47/69 1491/48/69 1492/33/69
f 1493/49/56 1494/50/56 1495/51/56
f 1496/52/57 1497/20/57 1498/53/57
f 1499/54/66 1500/55/66 1501/56/66
f 1502/57/67 1503/58/67 1504/37/67
f 1487/44/27 1481/39/27 1483/41/27 1488/45/27
f 1482/59/26 1484/42/26 1486/32/26 1483/31/26
f 1485/43/28 1490/47/28 1492/33/28 1486/32/28
f 1491/36/29 1489/35/29 1488/34/29 1492/33/29
f 1499/54/30 1487/44/30 1489/46/30 1500/55/30
f 1490/60/31 1502/57/31 1504/37/31 1491/36/31
f 1503/24/32 1501/23/32 1500/38/32 1504/37/32
f 1493/49/33 1499/54/33 1501/23/33 1494/26/33
f 1502/27/34 1496/30/34 1498/25/34 1503/24/34
f 1497/20/24 1495/19/24 1494/26/24 1498/25/24
f 1481/39/23 1493/49/23 1495/51/23 1482/40/23
f 1496/52/25 1485/61/25 1484/21/25 1497/20/25
f 1487/44/35 1499/54/35 1493/49/35 1481/39/35
f 1519/19/13 1521/20/13 1508/21/13 1506/22/13
f 1525/23/10 1527/24/10 1522/25/10 1518/26/10
f 1526/27/12 1514/28/12 1509/29/12 1520/30/12
f 1507/31/14 1510/32/14 1516/33/14 1512/34/14
f 1513/35/11 1515/36/11 1528/37/11 1524/38/11
f 1505/39/58 1506/40/58 1507/41/58
f 1508/42/59 1509/43/59 1510/32/59
f 1511/44/68 1512/45/68 1513/46/68
f 1514/47/69 1515/48/69 1516/33/69
f 1517/49/56 1518/50/56 1519/51/56
f 1520/52/57 1521/20/57 1522/53/57
f 1523/54/66 1524/55/66 1525/56/66
f 1526/57/67 1527/58/67 1528/37/67
f 1511/44/27 1505/39/27 1507/41/27 1512/45/27
f 1506/59/26 1508/42/26 1510/32/26 1507/31/26
f 1509/43/28 1514/47/28 1516/33/28 1510/32/28
f 1515/36/29 1513/35/29 1512/34/29 1516/33/29
f 1523/54/30 1511/44/30 1513/46/30 1524/55/30
f 1514/60/31 1526/57/31 1528/37/31 1515/36/31
f 1527/24/32 1525/23/32 1524/38/32 1528/37/32
f 1517/49/33 1523/54/33 1525/23/33 1518/26/33
f 1526/27/34 1520/30/34 1522/25/34 1527/24/34
f 1521/20/24 1519/19/24 1518/26/24 1522/25/24
f 1505/39/23 1517/49/23 1519/51/23 1506/40/23
f 1520/52/25 1509/61/25 1508/21/25 1521/20/25
f 1511/44/35 1523/54/35 1517/49/35 1505/39/35
f 1543/19/13 1545/20/13 1532/21/13 1530/22/13
f 1549/23/10 1551/24/10 1546/25/10 1542/26/10
f 1550/27/12 1538/28/12 1533/29/12 1544/30/12
f 1531/31/14 1534/32/14 1540/33/14 1536/34/14
f 1537/35/11 1539/36/11 1552/37/11 1548/38/11
f 1529/39/58 1530/40/58 1531/41/58
f 1532/42/59 1533/43/59 1534/32/59
f 1535/44/54 1536/45/54 1537/46/54
f 1538/47/55 1539/48/55 1540/33/55
f 1541/49/56 1542/50/56 1543/51/56
f 1544/52/57 1545/20/57 1546/53/57
f 1547/54/66 1548/55/66 1549/56/66
f 1550/57/67 1551/58/67 1552/37/67
f 1535/44/27 1529/39/27 1531/41/27 1536/45/27
f 1530/59/26 1532/42/26 1534/32/26 1531/31/26
f 1533/43/28 1538/47/28 1540/33/28 1534/32/28
f 1539/36/29 1537/35/29 1536/34/29 1540/33/29
f 1547/54/30 1535/44/30 1537/46/30 1548/55/30
f 1538/60/31 1550/57/31 1552/37/31 1539/36/31
f 1551/24/32 1549/23/32 1548/38/32 1552/37/32
f 1541/49/33 1547/54/33 1549/23/33 1542/26/33
f 1550/27/34 1544/30/34 1546/25/34 1551/24/34
f 1545/20/24 1543/19/24 1542/26/24 1546/25/24
f 1529/39/23 1541/49/23 1543/51/23 1530/40/23
f 1544/52/25 1533/61/25 1532/21/25 1545/20/25
f 1535/44/35 1547/54/35 1541/49/35 1529/39/35
f 1567/19/13 1569/20/13 1556/21/13 1554/22/13
f 1573/23/10 1575/24/10 1570/25/10 1566/26/10
f 1574/27/12 1562/28/12 1557/29/12 1568/30/12
f 1555/31/14 1558/32/14 1564/33/14 1560/34/14
f 1561/35/11 1563/36/11 1576/37/11 1572/38/11
f 1553/39/72 1554/40/72 1555/41/72
f 1556/42/73 1557/43/73 1558/32/73
f 1559/44/74 1560/45/74 1561/46/74
f 1562/47/75 1563/48/75 1564/33/75
f 1565/49/56 1566/50/56 1567/51/56
f 1568/52/57 1569/20/57 1570/53/57
f 1571/54/62 1572/55/62 1573/56/62
f 1574/57/63 1575/58/63 1576/37/63
f 1559/44/27 1553/39/27 1555/41/27 1560/45/27
f 1554/59/26 1556/42/26 1558/32/26 1555/31/26
f 1557/43/28 1562/47/28 1564/33/28 1558/32/28
f 1563/36/29 1561/35/29 1560/34/29 1564/33/29
f 1571/54/30 1559/44/30 1561/46/30 1572/55/30
f 1562/60/31 1574/57/31 1576/37/31 1563/36/31
f 1575/24/32 1573/23/32 1572/38/32 1576/37/32
f 1565/49/33 1571/54/33 1573/23/33 1566/26/33
f 1574/27/34 1568/30/34 1570/25/34 1575/24/34
f 1569/20/24 1567/19/24 1566/26/24 1570/25/24
f 1553/39/23 1565/49/23 1567/51/23 1554/40/23
f 1568/52/25 1557/61/25 1556/21/25 1569/20/25
f 1559/44/35 1571/54/35 1565/49/35 1553/39/35
f 1591/19/13 1593/20/13 1580/21/13 1578/22/13
f 1597/23/10 1599/24/10 1594/25/10 1590/26/10
f 1598/27/12 1586/28/12 1581/29/12 1592/30/12
f 1579/31/14 1582/32/14 1588/33/14 1584/34/14
f 1585/35/11 1587/36/11 1600/37/11 1596/38/11
f 1577/39/48 1578/40/48 1579/41/48
f 1580/42/49 1581/43/49 1582/32/49
f 1583/44/68 1584/45/68 1585/46/68
f 1586/47/69 1587/48/69 1588/33/69
f 1589/49/56 1590/50/56 1591/51/56
f 1592/52/57 1593/20/57 1594/53/57
f 1595/54/66 1596/55/66 1597/56/66
f 1598/57/67 1599/58/67 1600/37/67
f 1583/44/27 1577/39/27 1579/41/27 1584/45/27
f 1578/59/26 1580/42/26 1582/32/26 1579/31/26
f 1581/43/28 1586/47/28 1588/33/28 1582/32/28
f 1587/36/29 1585/35/29 1584/34/29 1588/33/29
f 1595/54/30 1583/44/30 1585/46/30 1596/55/30
f 1586/60/31 1598/57/31 1600/37/31 1587/36/31
f 1599/24/32 1597/23/32 1596/38/32 1600/37/32
f 1589/49/33 1595/54/33 1597/23/33 1590/26/33
f 1598/27/34 1592/30/34 1594/25/34 1599/24/34
f 1593/20/24 1591/19/24 1590/26/24 1594/25/24
f 1577/39/23 1589/49/23 1591/51/23 1578/40/23
f 1592/52/25 1581/61/25 1580/21/25 1593/20/25
f 1583/44/35 1595/54/35 1589/49/35 1577/39/35
f 1615/19/13 1617/20/13 1604/21/13 1602/22/13
f 1621/23/10 1623/24/10 1618/25/10 1614/26/10
f 1622/27/12 1610/28/12 1605/29/12 1616/30/12
f 1603/31/14 1606/32/14 1612/33/14 1608/34/14
f 1609/35/11 1611/36/11 1624/37/11 1620/38/11
f 1601/39/38 1602/40/38 1603/41/38
f 1604/42/39 1605/43/39 1606/32/39
f 1607/44/74 1608/45/74 1609/46/74
f 1610/47/75 1611/48/75 1612/33/75
f 1613/49/76 1614/50/76 1615/51/76
f 1616/52/77 1617/20/77 1618/53/77
f 1619/54/40 1620/55/40 1621/56/40
f 1622/57/41 1623/58/41 1624/37/41
f 1607/44/27 1601/39/27 1603/41/27 1608/45/27
f 1602/59/26 1604/42/26 1606/32/26 1603/31/26
f 1605/43/28 1610/47/28 1612/33/28 1606/32/28
f 1611/36/29 1609/35/29 1608/34/29 1612/33/29
f 1619/54/30 1607/44/30 1609/46/30 1620/55/30
f 1610/60/31 1622/57/31 1624/37/31 1611/36/31
f 1623/24/32 1621/23/32 1620/38/32 1624/37/32
f 1613/49/33 1619/54/33 1621/23/33 1614/26/33
f 1622/27/34 1616/30/34 1618/25/34 1623/24/34
f 1617/20/24 1615/19/24 1614/26/24 1618/25/24
f 1601/39/23 1613/49/23 1615/51/23 1602/40/23
f 1616/52/25 1605/61/25 1604/21/25 1617/20/25
f 1607/44/35 1619/54/35 1613/49/35 1601/39/35
f 1639/19/13 1641/20/13 1628/21/13 1626/22/13
f 1645/23/10 1647/24/10 1642/25/10 1638/26/10
f 1646/27/12 1634/28/12 1629/29/12 1640/30/12
f 1627/31/14 1630/32/14 1636/33/14 1632/34/14
f 1633/35/11 1635/36/11 1648/37/11 1644/38/11
f 1625/39/70 1626/40/70 1627/41/70
f 1628/42/71 1629/43/71 1630/32/71
f 1631/44/52 1632/45/52 1633/46/52
f 1634/47/53 1635/48/53 1636/33/53
f 1637/49/60 1638/50/60 1639/51/60
f 1640/52/61 1641/20/61 1642/53/61
f 1643/54/50 1644/55/50 1645/56/50
f 1646/57/51 1647/58/51 1648/37/51
f 1631/44/27 1625/39/27 1627/41/27 1632/45/27
f 1626/59/26 1628/42/26 1630/32/26 1627/31/26
f 1629/43/28 1634/47/28 1636/33/28 1630/32/28
f 1635/36/29 1633/35/29 1632/34/29 1636/33/29
f 1643/54/30 1631/44/30 1633/46/30 1644/55/30
f 1634/60/31 1646/57/31 1648/37/31 1635/36/31
f 1647/24/32 1645/23/32 1644/38/32 1648/37/32
f 1637/49/33 1643/54/33 1645/23/33 1638/26/33
f 1646/27/34 1640/30/34 1642/25/34 1647/24/34
f 1641/20/24 1639/19/24 1638/26/24 1642/25/24
f 1625/39/23 1637/49/23 1639/51/23 1626/40/23
f 1640/52/25 1629/61/25 1628/21/25 1641/20/25
f 1631/44/35 1643/54/35 1637/49/35 1625/39/35
f 1663/19/13 1665/20/13 1652/21/13 1650/22/13
f 1669/23/10 1671/24/10 1666/25/10 1662/26/10
f 1670/27/12 1658/28/12 1653/29/12 1664/30/12
f 1651/31/14 1654/32/14 1660/33/14 1656/34/14
f 1657/35/11 1659/36/11 1672/37/11 1668/38/11
f 1649/39/70 1650/40/70 1651/41/70
f 1652/42/71 1653/43/71 1654/32/71
f 1655/44/52 1656/45/52 1657/46/52
f 1658/47/53 1659/48/53 1660/33/53
f 1661/49/64 1662/50/64 1663/51/64
f 1664/52/65 1665/20/65 1666/53/65
f 1667/54/50 1668/55/50 1669/56/50
f 1670/57/51 1671/58/51 1672/37/51
f 1655/44/27 1649/39/27 1651/41/27 1656/45/27
f 1650/59/26 1652/42/26 1654/32/26 1651/31/26
f 1653/43/28 1658/47/28 1660/33/28 1654/32/28
f 1659/36/29 1657/35/29 1656/34/29 1660/33/29
f 1667/54/30 1655/44/30 1657/46/30 1668/55/30
f 1658/60/31 1670/57/31 1672/37/31 1659/36/31
f 1671/24/32 1669/23/32 1668/38/32 1672/37/32
f 1661/49/33 1667/54/33 1669/23/33 1662/26/33
f 1670/27/34 1664/30/34 1666/25/34 1671/24/34
f 1665/20/24 1663/19/24 1662/26/24 1666/25/24
f 1649/39/23 1661/49/23 1663/51/23 1650/40/23
f 1664/52/25 1653/61/25 1652/21/25 1665/20/25
f 1655/44/35 1667/54/35 1661/49/35 1649/39/35
f 1687/19/13 1689/20/13 1676/21/13 1674/22/13
f 1693/23/10 1695/24/10 1690/25/10 1686/26/10
f 1694/27/12 1682/28/12 1677/29/12 1688/30/12
f 1675/31/14 1678/32/14 1684/33/14 1680/34/14
f 1681/35/11 1683/36/11 1696/37/11 1692/38/11
f 1673/39/44 1674/40/44 1675/41/44
f 1676/42/45 1677/43/45 1678/32/45
f 1679/44/68 1680/45/68 1681/46/68
f 1682/47/69 1683/48/69 1684/33/69
f 1685/49/64 1686/50/64 1687/51/64
f 1688/52/65 1689/20/65 1690/53/65
f 1691/54/66 1692/55/66 1693/56/66
f 1694/57/67 1695/58/67 1696/37/67
f 1679/44/27 1673/39/27 1675/41/27 1680/45/27
f 1674/59/26 1676/42/26 1678/32/26 1675/31/26
f 1677/43/28 1682/47/28 1684/33/28 1678/32/28
f 1683/36/29 1681/35/29 1680/34/29 1684/33/29
f 1691/54/30 1679/44/30 1681/46/30 1692/55/30
f 1682/60/31 1694/57/31 1696/37/31 1683/36/31
f 1695/24/32 1693/23/32 1692/38/32 1696/37/32
f 1685/49/33 1691/54/33 1693/23/33 1686/26/33
f 1694/27/34 1688/30/34 1690/25/34 1695/24/34
f 1689/20/24 1687/19/24 1686/26/24 1690/25/24
f 1673/39/23 1685/49/23 1687/51/23 1674/40/23
f 1688/52/25 1677/61/25 1676/21/25 1689/20/25
f 1679/44/35 1691/54/35 1685/49/35 1673/39/35
f 1711/19/13 1713/20/13 1700/21/13 1698/22/13
f 1717/23/10 1719/24/10 1714/25/10 1710/26/10
f 1718/27/12 1706/28/12 1701/29/12 1712/30/12
f 1699/31/14 1702/32/14 1708/33/14 1704/34/14
f 1705/35/11 1707/36/11 1720/37/11 1716/38/11
f 1697/39/72 1698/40/72 1699/41/72
f 1700/42/73 1701/43/73 1702/32/73
f 1703/44/74 1704/45/74 1705/46/74
f 1706/47/75 1707/48/75 1708/33/75
f 1709/49/64 1710/50/64 1711/51/64
f 1712/52/65 1713/20/65 1714/53/65
f 1715/54/66 1716/55/66 1717/56/66
f 1718/57/67 1719/58/67 1720/37/67
f 1703/44/27 1697/39/27 1699/41/27 1704/45/27
f 1698/59/26 1700/42/26 1702/32/26 1699/31/26
f 1701/43/28 1706/47/28 1708/33/28 1702/32/28
f 1707/36/29 1705/35/29 1704/34/29 1708/33/29
f 1715/54/30 1703/44/30 1705/46/30 1716/55/30
f 1706/60/31 1718/57/31 1720/37/31 1707/36/31
f 1719/24/32 1717/23/32 1716/38/32 1720/37/32
f 1709/49/33 1715/54/33 1717/23/33 1710/26/33
f 1718/27/34 1712/30/34 1714/25/34 1719/24/34
f 1713/20/24 1711/19/24 1710/26/24 1714/25/24
f 1697/39/23 1709/49/23 1711/51/23 1698/40/23
f 1712/52/25 1701/61/25 1700/21/25 1713/20/25
f 1703/44/35 1715/54/35 1709/49/35 1697/39/35
f 1735/19/13 1737/20/13 1724/21/13 1722/22/13
f 1741/23/10 1743/24/10 1738/25/10 1734/26/10
f 1742/27/12 1730/28/12 1725/29/12 1736/30/12
f 1723/31/14 1726/32/14 1732/33/14 1728/34/14
f 1729/35/11 1731/36/11 1744/37/11 1740/38/11
f 1721/39/72 1722/40/72 1723/41/72
f 1724/42/73 1725/43/73 1726/32/73
f 1727/44/74 1728/45/74 1729/46/74
f 1730/47/75 1731/48/75 1732/33/75
f 1733/49/36 1734/50/36 1735/51/36
f 1736/52/37 1737/20/37 1738/53/37
f 1739/54/40 1740/55/40 1741/56/40
f 1742/57/41 1743/58/41 1744/37/41
f 1727/44/27 1721/39/27 1723/41/27 1728/45/27
f 1722/59/26 1724/42/26 1726/32/26 1723/31/26
f 1725/43/28 1730/47/28 1732/33/28 1726/32/28
f 1731/36/29 1729/35/29 1728/34/29 1732/33/29
f 1739/54/30 1727/44/30 1729/46/30 1740/55/30
f 1730/60/31 1742/57/31 1744/37/31 1731/36/31
f 1743/24/32 1741/23/32 1740/38/32 1744/37/32
f 1733/49/33 1739/54/33 1741/23/33 1734/26/33
f 1742/27/34 1736/30/34 1738/25/34 1743/24/34
f 1737/20/24 1735/19/24 1734/26/24 1738/25/24
f 1721/39/23 1733/49/23 1735/51/23 1722/40/23
f 1736/52/25 1725/61/25 1724/21/25 1737/20/25
f 1727/44/35 1739/54/35 1733/49/35 1721/39/35
f 1759/19/13 1761/20/13 1748/21/13 1746/22/13
f 1765/23/10 1767/24/10 1762/25/10 1758/26/10
f 1766/27/12 1754/28/12 1749/29/12 1760/30/12
f 1747/31/14 1750/32/14 1756/33/14 1752/34/14
f 1753/35/11 1755/36/11 1768/37/11 1764/38/11
f 1745/39/72 1746/40/72 1747/41/72
f 1748/42/73 1749/43/73 1750/32/73
f 1751/44/74 1752/45/74 1753/46/74
f 1754/47/75 1755/48/75 1756/33/75
f 1757/49/36 1758/50/36 1759/51/36
f 1760/52/37 1761/20/37 1762/53/37
f 1763/54/40 1764/55/40 1765/56/40
f 1766/57/41 1767/58/41 1768/37/41
f 1751/44/27 1745/39/27 1747/41/27 1752/45/27
f 1746/59/26 1748/42/26 1750/32/26 1747/31/26
f 1749/43/28 1754/47/28 1756/33/28 1750/32/28
f 1755/36/29 1753/35/29 1752/34/29 1756/33/29
f 1763/54/30 1751/44/30 1753/46/30 1764/55/30
f 1754/60/31 1766/57/31 1768/37/31 1755/36/31
f 1767/24/32 1765/23/32 1764/38/32 1768/37/32
f 1757/49/33 1763/54/33 1765/23/33 1758/26/33
f 1766/27/34 1760/30/34 1762/25/34 1767/24/34
f 1761/20/24 1759/19/24 1758/26/24 1762/25/24
f 1745/39/23 1757/49/23 1759/51/23 1746/40/23
f 1760/52/25 1749/61/25 1748/21/25 1761/20/25
f 1751/44/35 1763/54/35 1757/49/35 1745/39/35
f 1783/19/13 1785/20/13 1772/21/13 1770/22/13
f 1789/23/10 1791/24/10 1786/25/10 1782/26/10
f 1790/27/12 1778/28/12 1773/29/12 1784/30/12
f 1771/31/14 1774/32/14 1780/33/14 1776/34/14
f 1777/35/11 1779/36/11 1792/37/11 1788/38/11
f 1769/39/44 1770/40/44 1771/41/44
f 1772/42/45 1773/43/45 1774/32/45
f 1775/44/52 1776/45/52 1777/46/52
f 1778/47/53 1779/48/53 1780/33/53
f 1781/49/76 1782/50/76 1783/51/76
f 1784/52/77 1785/20/77 1786/53/77
f 1787/54/78 1788/55/78 1789/56/78
f 1790/57/79 1791/58/79 1792/37/79
f 1775/44/27 1769/39/27 1771/41/27 1776/45/27
f 1770/59/26 1772/42/26 1774/32/26 1771/31/26
f 1773/43/28 1778/47/28 1780/33/28 1774/32/28
f 1779/36/29 1777/35/29 1776/34/29 1780/33/29
f 1787/54/30 1775/44/30 1777/46/30 1788/55/30
f 1778/60/31 1790/57/31 1792/37/31 1779/36/31
f 1791/24/32 1789/23/32 1788/38/32 1792/37/32
f 1781/49/33 1787/54/33 1789/23/33 1782/26/33
f 1790/27/34 1784/30/34 1786/25/34 1791/24/34
f 1785/20/24 1783/19/24 1782/26/24 1786/25/24
f 1769/39/23 1781/49/23 1783/51/23 1770/40/23
f 1784/52/25 1773/61/25 1772/21/25 1785/20/25
f 1775/44/35 1787/54/35 1781/49/35 1769/39/35
f 1807/19/13 1809/20/13 1796/21/13 1794/22/13
f 1813/23/10 1815/24/10 1810/25/10 1806/26/10
f 1814/27/12 1802/28/12 1797/29/12 1808/30/12
f 1795/31/14 1798/32/14 1804/33/14 1800/34/14
f 1801/35/11 1803/36/11 1816/37/11 1812/38/11
f 1793/39/44 1794/40/44 1795/41/44
f 1796/42/45 1797/43/45 1798/32/45
f 1799/44/68 1800/45/68 1801/46/68
f 1802/47/69 1803/48/69 1804/33/69
f 1805/49/76 1806/50/76 1807/51/76
f 1808/52/77 1809/20/77 1810/53/77
f 1811/54/50 1812/55/50 1813/56/50
f 1814/57/51 1815/58/51 1816/37/51
f 1799/44/27 1793/39/27 1795/41/27 1800/45/27
f 1794/59/26 1796/42/26 1798/32/26 1795/31/26
f 1797/43/28 1802/47/28 1804/33/28 1798/32/28
f 1803/36/29 1801/35/29 1800/34/29 1804/33/29
f 1811/54/30 1799/44/30 1801/46/30 1812/55/30
f 1802/60/31 1814/57/31 1816/37/31 1803/36/31
f 1815/24/32 1813/23/32 1812/38/32 1816/37/32
f 1805/49/33 1811/54/33 1813/23/33 1806/26/33
f 1814/27/34 1808/30/34 1810/25/34 1815/24/34
f 1809/20/24 1807/19/24 1806/26/24 1810/25/24
f 1793/39/23 1805/49/23 1807/51/23 1794/40/23
f 1808/52/25 1797/61/25 1796/21/25 1809/20/25
f 1799/44/35 1811/54/35 1805/49/35 1793/39/35
f 1831/19/13 1833/20/13 1820/21/13 1818/22/13
f 1837/23/10 1839/24/10 1834/25/10 1830/26/10
f 1838/27/12 1826/28/12 1821/29/12 1832/30/12
f 1819/31/14 1822/32/14 1828/33/14 1824/34/14
f 1825/35/11 1827/36/11 1840/37/11 1836/38/11
f 1817/39/44 1818/40/44 1819/41/44
f 1820/42/45 1821/43/45 1822/32/45
f 1823/44/42 1824/45/42 1825/46/42
f 1826/47/43 1827/48/43 1828/33/43
f 1829/49/76 1830/50/76 1831/51/76
f 1832/52/77 1833/20/77 1834/53/77
f 1835/54/78 1836/55/78 1837/56/78
f 1838/57/79 1839/58/79 1840/37/79
f 1823/44/27 1817/39/27 1819/41/27 1824/45/27
f 1818/59/26 1820/42/26 1822/32/26 1819/31/26
f 1821/43/28 1826/47/28 1828/33/28 1822/32/28
f 1827/36/29 1825/35/29 1824/34/29 1828/33/29
f 1835/54/30 1823/44/30 1825/46/30 1836/55/30
f 1826/60/31 1838/57/31 1840/37/31 1827/36/31
f 1839/24/32 1837/23/32 1836/38/32 1840/37/32
f 1829/49/33 1835/54/33 1837/23/33 1830/26/33
f 1838/27/34 1832/30/34 1834/25/34 1839/24/34
f 1833/20/24 1831/19/24 1830/26/24 1834/25/24
f 1817/39/23 1829/49/23 1831/51/23 1818/40/23
f 1832/52/25 1821/61/25 1820/21/25 1833/20/25
f 1823/44/35 1835/54/35 1829/49/35 1817/39/35
f 1855/19/13 1857/20/13 1844/21/13 1842/22/13
f 1861/23/10 1863/24/10 1858/25/10 1854/26/10
f 1862/27/12 1850/28/12 1845/29/12 1856/30/12
f 1843/31/14 1846/32/14 1852/33/14 1848/34/14
f 1849/35/11 1851/36/11 1864/37/11 1860/38/11
f 1841/39/72 1842/40/72 1843/41/72
f 1844/42/73 1845/43/73 1846/32/73
f 1847/44/68 1848/45/68 1849/46/68
f 1850/47/69 1851/48/69 1852/33/69
f 1853/49/76 1854/50/76 1855/51/76
f 1856/52/77 1857/20/77 1858/53/77
f 1859/54/50 1860/55/50 1861/56/50
f 1862/57/51 1863/58/51 1864/37/51
f 1847/44/27 1841/39/27 1843/41/27 1848/45/27
f 1842/59/26 1844/42/26 1846/32/26 1843/31/26
f 1845/43/28 1850/47/28 1852/33/28 1846/32/28
f 1851/36/29 1849/35/29 1848/34/29 1852/33/29
f 1859/54/30 1847/44/30 1849/46/30 1860/55/30
f 1850/60/31 1862/57/31 1864/37/31 1851/36/31
f 1863/24/32 1861/23/32 1860/38/32 1864/37/32
f 1853/49/33 1859/54/33 1861/23/33 1854/26/33
f 1862/27/34 1856/30/34 1858/25/34 1863/24/34
f 1857/20/24 1855/19/24 1854/26/24 1858/25/24
f 1841/39/23 1853/49/23 1855/51/23 1842/40/23
f 1856/52/25 1845/61/25 1844/21/25 1857/20/25
f 1847/44/35 1859/54/35 1853/49/35 1841/39/35
f 1879/19/13 1881/20/13 1868/21/13 1866/22/13
f 1885/23/10 1887/24/10 1882/25/10 1878/26/10
f 1886/27/12 1874/28/12 1869/29/12 1880/30/12
f 1867/31/14 1870/32/14 1876/33/14 1872/34/14
f 1873/35/11 1875/36/11 1888/37/11 1884/38/11
f 1865/39/38 1866/40/38 1867/41/38
f 1868/42/39 1869/43/39 1870/32/39
f 1871/44/54 1872/45/54 1873/46/54
f 1874/47/55 1875/48/55 1876/33/55
f 1877/49/64 1878/50/64 1879/51/64
f 1880/52/65 1881/20/65 1882/53/65
f 1883/54/78 1884/55/78 1885/56/78
f 1886/57/79 1887/58/79 1888/37/79
f 1871/44/27 1865/39/27 1867/41/27 1872/45/27
f 1866/59/26 1868/42/26 1870/32/26 1867/31/26
f 1869/43/28 1874/47/28 1876/33/28 1870/32/28
f 1875/36/29 1873/35/29 1872/34/29 1876/33/29
f 1883/54/30 1871/44/30 1873/46/30 1884/55/30
f 1874/60/31 1886/57/31 1888/37/31 1875/36/31
f 1887/24/32 1885/23/32 1884/38/32 1888/37/32
f 1877/49/33 1883/54/33 1885/23/33 1878/26/33
f 1886/27/34 1880/30/34 1882/25/34 1887/24/34
f 1881/20/24 1879/19/24 1878/26/24 1882/25/24
f 1865/39/23 1877/49/23 1879/51/23 1866/40/23
f 1880/52/25 1869/61/25 1868/21/25 1881/20/25
f 1871/44/35 1883/54/35 1877/49/35 1865/39/35
f 1903/19/13 1905/20/13 1892/21/13 1890/22/13
f 1909/23/10 1911/24/10 1906/25/10 1902/26/10
f 1910/27/12 1898/28/12 1893/29/12 1904/30/12
f 1891/31/14 1894/32/14 1900/33/14 1896/34/14
f 1897/35/11 1899/36/11 1912/37/11 1908/38/11
f 1889/39/17 1890/40/17 1891/41/17
f 1892/42/18 1893/43/18 1894/32/18
f 1895/44/54 1896/45/54 1897/46/54
f 1898/47/55 1899/48/55 1900/33/55
f 1901/49/76 1902/50/76 1903/51/76
f 1904/52/77 1905/20/77 1906/53/77
f 1907/54/80 1908/55/80 1909/56/80
f 1910/57/81 1911/58/81 1912/37/81
f 1895/44/27 1889/39/27 1891/41/27 1896/45/27
f 1890/59/26 1892/42/26 1894/32/26 1891/31/26
f 1893/43/28 1898/47/28 1900/33/28 1894/32/28
f 1899/36/29 1897/35/29 1896/34/29 1900/33/29
f 1907/54/30 1895/44/30 1897/46/30 1908/55/30
f 1898/60/31 1910/57/31 1912/37/31 1899/36/31
f 1911/24/32 1909/23/32 1908/38/32 1912/37/32
f 1901/49/33 1907/54/33 1909/23/33 1902/26/33
f 1910/27/34 1904/30/34 1906/25/34 1911/24/34
f 1905/20/24 1903/19/24 1902/26/24 1906/25/24
f 1889/39/23 1901/49/23 1903/51/23 1890/40/23
f 1904/52/25 1893/61/25 1892/21/25 1905/20/25
f 1895/44/35 1907/54/35 1901/49/35 1889/39/35
f 1927/19/13 1929/20/13 1916/21/13 1914/22/13
f 1933/23/10 1935/24/10 1930/25/10 1926/26/10
f 1934/27/12 1922/28/12 1917/29/12 1928/30/12
f 1915/31/14 1918/32/14 1924/33/14 1920/34/14
f 1921/35/11 1923/36/11 1936/37/11 1932/38/11
f 1913/39/72 1914/40/72 1915/41/72
f 1916/42/73 1917/43/73 1918/32/73
f 1919/44/82 1920/45/82 1921/46/82
f 1922/47/83 1923/48/83 1924/33/83
f 1925/49/15 1926/50/15 1927/51/15
f 1928/52/16 1929/20/16 1930/53/16
f 1931/54/62 1932/55/62 1933/56/62
f 1934/57/63 1935/58/63 1936/37/63
f 1919/44/27 1913/39/27 1915/41/27 1920/45/27
f 1914/59/26 1916/42/26 1918/32/26 1915/31/26
f 1917/43/28 1922/47/28 1924/33/28 1918/32/28
f 1923/36/29 1921/35/29 1920/34/29 1924/33/29
f 1931/54/30 1919/44/30 1921/46/30 1932/55/30
f 1922/60/31 1934/57/31 1936/37/31 1923/36/31
f 1935/24/32 1933/23/32 1932/38/32 1936/37/32
f 1925/49/33 1931/54/33 1933/23/33 1926/26/33
f 1934/27/34 1928/30/34 1930/25/34 1935/24/34
f 1929/20/24 1927/19/24 1926/26/24 1930/25/24
f 1913/39/23 1925/49/23 1927/51/23 1914/40/23
f 1928/52/25 1917/61/25 1916/21/25 1929/20/25
f 1919/44/35 1931/54/35 1925/49/35 1913/39/35
f 1951/19/13 1953/20/13 1940/21/13 1938/22/13
f 1957/23/10 1959/24/10 1954/25/10 1950/26/10
f 1958/27/12 1946/28/12 1941/29/12 1952/30/12
f 1939/31/14 1942/32/14 1948/33/14 1944/34/14
f 1945/35/11 1947/36/11 1960/37/11 1956/38/11
f 1937/39/72 1938/40/72 1939/41/72
f 1940/42/73 1941/43/73 1942/32/73
f 1943/44/82 1944/45/82 1945/46/82
f 1946/47/83 1947/48/83 1948/33/83
f 1949/49/76 1950/50/76 1951/51/76
f 1952/52/77 1953/20/77 1954/53/77
f 1955/54/80 1956/55/80 1957/56/80
f 1958/57/81 1959/58/81 1960/37/81
f 1943/44/27 1937/39/27 1939/41/27 1944/45/27
f 1938/59/26 1940/42/26 1942/32/26 1939/31/26
f 1941/43/28 1946/47/28 1948/33/28 1942/32/28
f 1947/36/29 1945/35/29 1944/34/29 1948/33/29
f 1955/54/30 1943/44/30 1945/46/30 1956/55/30
f 1946/60/31 1958/57/31 1960/37/31 1947/36/31
f 1959/24/32 1957/23/32 1956/38/32 1960/37/32
f 1949/49/33 1955/54/33 1957/23/33 1950/26/33
f 1958/27/34 1952/30/34 1954/25/34 1959/24/34
f 1953/20/24 1951/19/24 1950/26/24 1954/25/24
f 1937/39/23 1949/49/23 1951/51/23 1938/40/23
f 1952/52/25 1941/61/25 1940/21/25 1953/20/25
f 1943/44/35 1955/54/35 1949/49/35 1937/39/35
f 1975/19/13 1977/20/13 1964/21/13 1962/22/13
f 1981/23/10 1983/24/10 1978/25/10 1974/26/10
f 1982/27/12 1970/28/12 1965/29/12 1976/30/12
f 1963/31/14 1966/32/14 1972/33/14 1968/34/14
f 1969/35/11 1971/36/11 1984/37/11 1980/38/11
f 1961/39/44 1962/40/44 1963/41/44
f 1964/42/45 1965/43/45 1966/32/45
f 1967/44/42 1968/45/42 1969/46/42
f 1970/47/43 1971/48/43 1972/33/43
f 1973/49/76 1974/50/76 1975/51/76
f 1976/52/77 1977/20/77 1978/53/77
f 1979/54/80 1980/55/80 1981/56/80
f 1982/57/81 1983/58/81 1984/37/81
f 1967/44/27 1961/39/27 1963/41/27 1968/45/27
f 1962/59/26 1964/42/26 1966/32/26 1963/31/26
f 1965/43/28 1970/47/28 1972/33/28 1966/32/28
f 1971/36/29 1969/35/29 1968/34/29 1972/33/29
f 1979/54/30 1967/44/30 1969/46/30 1980/55/30
f 1970/60/31 1982/57/31 1984/37/31 1971/36/31
f 1983/24/32 1981/23/32 1980/38/32 1984/37/32
f 1973/49/33 1979/54/33 1981/23/33 1974/26/33
f 1982/27/34 1976/30/34 1978/25/34 1983/24/34
f 1977/20/24 1975/19/24 1974/26/24 1978/25/24
f 1961/39/23 1973/49/23 1975/51/23 1962/40/23
f 1976/52/25 1965/61/25 1964/21/25 1977/20/25
f 1967/44/35 1979/54/35 1973/49/35 1961/39/35
f 1999/19/13 2001/20/13 1988/21/13 1986/22/13
f 2005/23/10 2007/24/10 2002/25/10 1998/26/10
f 2006/27/12 1994/28/12 1989/29/12 2000/30/12
f 1987/31/14 1990/32/14 1996/33/14 1992/34/14
f 1993/35/11 1995/36/11 2008/37/11 2004/38/11
f 1985/39/44 1986/40/44 1987/41/44
f 1988/42/45 1989/43/45 1990/32/45
f 1991/44/42 1992/45/42 1993/46/42
f 1994/47/43 1995/48/43 1996/33/43
f 1997/49/36 1998/50/36 1999/51/36
f 2000/52/37 2001/20/37 2002/53/37
f 2003/54/40 2004/55/40 2005/56/40
f 2006/57/41 2007/58/41 2008/37/41
f 1991/44/27 1985/39/27 1987/41/27 1992/45/27
f 1986/59/26 1988/42/26 1990/32/26 1987/31/26
f 1989/43/28 1994/47/28 1996/33/28 1990/32/28
f 1995/36/29 1993/35/29 1992/34/29 1996/33/29
f 2003/54/30 1991/44/30 1993/46/30 2004/55/30
f 1994/60/31 2006/57/31 2008/37/31 1995/36/31
f 2007/24/32 2005/23/32 2004/38/32 2008/37/32
f 1997/49/33 2003/54/33 2005/23/33 1998/26/33
f 2006/27/34 2000/30/34 2002/25/34 2007/24/34
f 2001/20/24 1999/19/24 1998/26/24 2002/25/24
f 1985/39/23 1997/49/23 1999/51/23 1986/40/23
f 2000/52/25 1989/61/25 1988/21/25 2001/20/25
f 1991/44/35 2003/54/35 1997/49/35 1985/39/35
f 2023/19/13 2025/20/13 2012/21/13 2010/22/13
f 2029/23/10 2031/24/10 2026/25/10 2022/26/10
f 2030/27/12 2018/28/12 2013/29/12 2024/30/12
f 2011/31/14 2014/32/14 2020/33/14 2016/34/14
f 2017/35/11 2019/36/11 2032/37/11 2028/38/11
f 2009/39/44 2010/40/44 2011/41/44
f 2012/42/45 2013/43/45 2014/32/45
f 2015/44/68 2016/45/68 2017/46/68
f 2018/47/69 2019/48/69 2020/33/69
f 2021/49/36 2022/50/36 2023/51/36
f 2024/52/37 2025/20/37 2026/53/37
f 2027/54/40 2028/55/40 2029/56/40
f 2030/57/41 2031/58/41 2032/37/41
f 2015/44/27 2009/39/27 2011/41/27 2016/45/27
f 2010/59/26 2012/42/26 2014/32/26 2011/31/26
f 2013/43/28 2018/47/28 2020/33/28 2014/32/28
f 2019/36/29 2017/35/29 2016/34/29 2020/33/29
f 2027/54/30 2015/44/30 2017/46/30 2028/55/30
f 2018/60/31 2030/57/31 2032/37/31 2019/36/31
f 2031/24/32 2029/23/32 2028/38/32 2032/37/32
f 2021/49/33 2027/54/33 2029/23/33 2022/26/33
f 2030/27/34 2024/30/34 2026/25/34 2031/24/34
f 2025/20/24 2023/19/24 2022/26/24 2026/25/24
f 2009/39/23 2021/49/23 2023/51/23 2010/40/23
f 2024/52/25 2013/61/25 2012/21/25 2025/20/25
f 2015/44/35 2027/54/35 2021/49/35 2009/39/35
f 2047/19/13 2049/20/13 2036/21/13 2034/22/13
f 2053/23/10 2055/24/10 2050/25/10 2046/26/10
f 2054/27/12 2042/28/12 2037/29/12 2048/30/12
f 2035/31/14 2038/32/14 2044/33/14 2040/34/14
f 2041/35/11 2043/36/11 2056/37/11 2052/38/11
f 2033/39/44 2034/40/44 2035/41/44
f 2036/42/45 2037/43/45 2038/32/45
f 2039/44/68 2040/45/68 2041/46/68
f 2042/47/69 2043/48/69 2044/33/69
f 2045/49/76 2046/50/76 2047/51/76
f 2048/52/77 2049/20/77 2050/53/77
f 2051/54/78 2052/55/78 2053/56/78
f 2054/57/79 2055/58/79 2056/37/79
f 2039/44/27 2033/39/27 2035/41/27 2040/45/27
f 2034/59/26 2036/42/26 2038/32/26 2035/31/26
f 2037/43/28 2042/47/28 2044/33/28 2038/32/28
f 2043/36/29 2041/35/29 2040/34/29 2044/33/29
f 2051/54/30 2039/44/30 2041/46/30 2052/55/30
f 2042/60/31 2054/57/31 2056/37/31 2043/36/31
f 2055/24/32 2053/23/32 2052/38/32 2056/37/32
f 2045/49/33 2051/54/33 2053/23/33 2046/26/33
f 2054/27/34 2048/30/34 2050/25/34 2055/24/34
f 2049/20/24 2047/19/24 2046/26/24 2050/25/24
f 2033/39/23 2045/49/23 2047/51/23 2034/40/23
f 2048/52/25 2037/61/25 2036/21/25 2049/20/25
f 2039/44/35 2051/54/35 2045/49/35 2033/39/35
f 2071/19/13 2073/20/13 2060/21/13 2058/22/13
f 2077/23/10 2079/24/10 2074/25/10 2070/26/10
f 2078/27/12 2066/28/12 2061/29/12 2072/30/12
f 2059/31/14 2062/32/14 2068/33/14 2064/34/14
f 2065/35/11 2067/36/11 2080/37/11 2076/38/11
f 2057/39/44 2058/40/44 2059/41/44
f 2060/42/45 2061/43/45 2062/32/45
f 2063/44/68 2064/45/68 2065/46/68
f 2066/47/69 2067/48/69 2068/33/69
f 2069/49/76 2070/50/76 2071/51/76
f 2072/52/77 2073/20/77 2074/53/77
f 2075/54/78 2076/55/78 2077/56/78
f 2078/57/79 2079/58/79 2080/37/79
f 2063/44/27 2057/39/27 2059/41/27 2064/45/27
f 2058/59/26 2060/42/26 2062/32/26 2059/31/26
f 2061/43/28 2066/47/28 2068/33/28 2062/32/28
f 2067/36/29 2065/35/29 2064/34/29 2068/33/29
f 2075/54/30 2063/44/30 2065/46/30 2076/55/30
f 2066/60/31 2078/57/31 2080/37/31 2067/36/31
f 2079/24/32 2077/23/32 2076/38/32 2080/37/32
f 2069/49/33 2075/54/33 2077/23/33 2070/26/33
f 2078/27/34 2072/30/34 2074/25/34 2079/24/34
f 2073/20/24 2071/19/24 2070/26/24 2074/25/24
f 2057/39/23 2069/49/23 2071/51/23 2058/40/23
f 2072/52/25 2061/61/25 2060/21/25 2073/20/25
f 2063/44/35 2075/54/35 2069/49/35 2057/39/35
f 2095/19/13 2097/20/13 2084/21/13 2082/22/13
f 2101/23/10 2103/24/10 2098/25/10 2094/26/10
f 2102/27/12 2090/28/12 2085/29/12 2096/30/12
f 2083/31/14 2086/32/14 2092/33/14 2088/34/14
f 2089/35/11 2091/36/11 2104/37/11 2100/38/11
f 2081/39/44 2082/40/44 2083/41/44
f 2084/42/45 2085/43/45 2086/32/45
f 2087/44/42 2088/45/42 2089/46/42
f 2090/47/43 2091/48/43 2092/33/43
f 2093/49/76 2094/50/76 2095/51/76
f 2096/52/77 2097/20/77 2098/53/77
f 2099/54/78 2100/55/78 2101/56/78
f 2102/57/79 2103/58/79 2104/37/79
f 2087/44/27 2081/39/27 2083/41/27 2088/45/27
f 2082/59/26 2084/42/26 2086/32/26 2083/31/26
f 2085/43/28 2090/47/28 2092/33/28 2086/32/28
f 2091/36/29 2089/35/29 2088/34/29 2092/33/29
f 2099/54/30 2087/44/30 2089/46/30 2100/55/30
f 2090/60/31 2102/57/31 2104/37/31 2091/36/31
f 2103/24/32 2101/23/32 2100/38/32 2104/37/32
f 2093/49/33 2099/54/33 2101/23/33 2094/26/33
f 2102/27/34 2096/30/34 2098/25/34 2103/24/34
f 2097/20/24 2095/19/24 2094/26/24 2098/25/24
f 2081/39/23 2093/49/23 2095/51/23 2082/40/23
f 2096/52/25 2085/61/25 2084/21/25 2097/20/25
f 2087/44/35 2099/54/35 2093/49/35 2081/39/35
f 2119/19/13 2121/20/13 2108/21/13 2106/22/13
f 2125/23/10 2127/24/10 2122/25/10 2118/26/10
f 2126/27/12 2114/28/12 2109/29/12 2120/30/12
f 2107/31/14 2110/32/14 2116/33/14 2112/34/14
f 2113/35/11 2115/36/11 2128/37/11 2124/38/11
f 2105/39/48 2106/40/48 2107/41/48
f 2108/42/49 2109/43/49 2110/32/49
f 2111/44/68 2112/45/68 2113/46/68
f 2114/47/69 2115/48/69 2116/33/69
f 2117/49/46 2118/50/46 2119/51/46
f 2120/52/47 2121/20/47 2122/53/47
f 2123/54/50 2124/55/50 2125/56/50
f 2126/57/51 2127/58/51 2128/37/51
f 2111/44/27 2105/39/27 2107/41/27 2112/45/27
f 2106/59/26 2108/42/26 2110/32/26 2107/31/26
f 2109/43/28 2114/47/28 2116/33/28 2110/32/28
f 2115/36/29 2113/35/29 2112/34/29 2116/33/29
f 2123/54/30 2111/44/30 2113/46/30 2124/55/30
f 2114/60/31 2126/57/31 2128/37/31 2115/36/31
f 2127/24/32 2125/23/32 2124/38/32 2128/37/32
f 2117/49/33 2123/54/33 2125/23/33 2118/26/33
f 2126/27/34 2120/30/34 2122/25/34 2127/24/34
f 2121/20/24 2119/19/24 2118/26/24 2122/25/24
f 2105/39/23 2117/49/23 2119/51/23 2106/40/23
f 2120/52/25 2109/61/25 2108/21/25 2121/20/25
f 2111/44/35 2123/54/35 2117/49/35 2105/39/35
f 2143/19/13 2145/20/13 2132/21/13 2130/22/13
f 2149/23/10 2151/24/10 2146/25/10 2142/26/10
f 2150/27/12 2138/28/12 2133/29/12 2144/30/12
f 2131/31/14 2134/32/14 2140/33/14 2136/34/14
f 2137/35/11 2139/36/11 2152/37/11 2148/38/11
f 2129/39/48 2130/40/48 2131/41/48
f 2132/42/49 2133/43/49 2134/32/49
f 2135/44/74 2136/45/74 2137/46/74
f 2138/47/75 2139/48/75 2140/33/75
f 2141/49/46 2142/50/46 2143/51/46
f 2144/52/47 2145/20/47 2146/53/47
f 2147/54/78 2148/55/78 2149/56/78
f 2150/57/79 2151/58/79 2152/37/79
f 2135/44/27 2129/39/27 2131/41/27 2136/45/27
f 2130/59/26 2132/42/26 2134/32/26 2131/31/26
f 2133/43/28 2138/47/28 2140/33/28 2134/32/28
f 2139/36/29 2137/35/29 2136/34/29 2140/33/29
f 2147/54/30 2135/44/30 2137/46/30 2148/55/30
f 2138/60/31 2150/57/31 2152/37/31 2139/36/31
f 2151/24/32 2149/23/32 2148/38/32 2152/37/32
f 2141/49/33 2147/54/33 2149/23/33 2142/26/33
f 2150/27/34 2144/30/34 2146/25/34 2151/24/34
f 2145/20/24 2143/19/24 2142/26/24 2146/25/24
f 2129/39/23 2141/49/23 2143/51/23 2130/40/23
f 2144/52/25 2133/61/25 2132/21/25 2145/20/25
f 2135/44/35 2147/54/35 2141/49/35 2129/39/35
f 2167/19/13 2169/20/13 2156/21/13 2154/22/13
f 2173/23/10 2175/24/10 2170/25/10 2166/26/10
f 2174/27/12 2162/28/12 2157/29/12 2168/30/12
f 2155/31/14 2158/32/14 2164/33/14 2160/34/14
f 2161/35/11 2163/36/11 2176/37/11 2172/38/11
f 2153/39/48 2154/40/48 2155/41/48
f 2156/42/49 2157/43/49 2158/32/49
f 2159/44/52 2160/45/52 2161/46/52
f 2162/47/53 2163/48/53 2164/33/53
f 2165/49/46 2166/50/46 2167/51/46
f 2168/52/47 2169/20/47 2170/53/47
f 2171/54/50 2172/55/50 2173/56/50
f 2174/57/51 2175/58/51 2176/37/51
f 2159/44/27 2153/39/27 2155/41/27 2160/45/27
f 2154/59/26 2156/42/26 2158/32/26 2155/31/26
f 2157/43/28 2162/47/28 2164/33/28 2158/32/28
f 2163/36/29 2161/35/29 2160/34/29 2164/33/29
f 2171/54/30 2159/44/30 2161/46/30 2172/55/30
f 2162/60/31 2174/57/31 2176/37/31 2163/36/31
f 2175/24/32 2173/23/32 2172/38/32 2176/37/32
f 2165/49/33 2171/54/33 2173/23/33 2166/26/33
f 2174/27/34 2168/30/34 2170/25/34 2175/24/34
f 2169/20/24 2167/19/24 2166/26/24 2170/25/24
f 2153/39/23 2165/49/23 2167/51/23 2154/40/23
f 2168/52/25 2157/61/25 2156/21/25 2169/20/25
f 2159/44/35 2171/54/35 2165/49/35 2153/39/35
f 2191/19/13 2193/20/13 2180/21/13 2178/22/13
f 2197/23/10 2199/24/10 2194/25/10 2190/26/10
f 2198/27/12 2186/28/12 2181/29/12 2192/30/12
f 2179/31/14 2182/32/14 2188/33/14 2184/34/14
f 2185/35/11 2187/36/11 2200/37/11 2196/38/11
f 2177/39/48 2178/40/48 2179/41/48
f 2180/42/49 2181/43/49 2182/32/49
f 2183/44/52 2184/45/52 2185/46/52
f 2186/47/53 2187/48/53 2188/33/53
f 2189/49/46 2190/50/46 2191/51/46
f 2192/52/47 2193/20/47 2194/53/47
f 2195/54/50 2196/55/50 2197/56/50
f 2198/57/51 2199/58/51 2200/37/51
f 2183/44/27 2177/39/27 2179/41/27 2184/45/27
f 2178/59/26 2180/42/26 2182/32/26 2179/31/26
f 2181/43/28 2186/47/28 2188/33/28 2182/32/28
f 2187/36/29 2185/35/29 2184/34/29 2188/33/29
f 2195/54/30 2183/44/30 2185/46/30 2196/55/30
f 2186/60/31 2198/57/31 2200/37/31 2187/36/31
f 2199/24/32 2197/23/32 2196/38/32 2200/37/32
f 2189/49/33 2195/54/33 2197/23/33 2190/26/33
f 2198/27/34 2192/30/34 2194/25/34 2199/24/34
f 2193/20/24 2191/19/24 2190/26/24 2194/25/24
f 2177/39/23 2189/49/23 2191/51/23 2178/40/23
f 2192/52/25 2181/61/25 2180/21/25 2193/20/25
f 2183/44/35 2195/54/35 2189/49/35 2177/39/35
f 2215/19/13 2217/20/13 2204/21/13 2202/22/13
f 2221/23/10 2223/24/10 2218/25/10 2214/26/10
f 2222/27/12 2210/28/12 2205/29/12 2216/30/12
f 2203/31/14 2206/32/14 2212/33/14 2208/34/14
f 2209/35/11 2211/36/11 2224/37/11 2220/38/11
f 2201/39/48 2202/40/48 2203/41/48
f 2204/42/49 2205/43/49 2206/32/49
f 2207/44/52 2208/45/52 2209/46/52
f 2210/47/53 2211/48/53 2212/33/53
f 2213/49/46 2214/50/46 2215/51/46
f 2216/52/47 2217/20/47 2218/53/47
f 2219/54/50 2220/55/50 2221/56/50
f 2222/57/51 2223/58/51 2224/37/51
f 2207/44/27 2201/39/27 2203/41/27 2208/45/27
f 2202/59/26 2204/42/26 2206/32/26 2203/31/26
f 2205/43/28 2210/47/28 2212/33/28 2206/32/28
f 2211/36/29 2209/35/29 2208/34/29 2212/33/29
f 2219/54/30 2207/44/30 2209/46/30 2220/55/30
f 2210/60/31 2222/57/31 2224/37/31 2211/36/31
f 2223/24/32 2221/23/32 2220/38/32 2224/37/32
f 2213/49/33 2219/54/33 2221/23/33 2214/26/33
f 2222/27/34 2216/30/34 2218/25/34 2223/24/34
f 2217/20/24 2215/19/24 2214/26/24 2218/25/24
f 2201/39/23 2213/49/23 2215/51/23 2202/40/23
f 2216/52/25 2205/61/25 2204/21/25 2217/20/25
f 2207/44/35 2219/54/35 2213/49/35 2201/39/35
f 2239/19/13 2241/20/13 2228/21/13 2226/22/13
f 2245/23/10 2247/24/10 2242/25/10 2238/26/10
f 2246/27/12 2234/28/12 2229/29/12 2240/30/12
f 2227/31/14 2230/32/14 2236/33/14 2232/34/14
f 2233/35/11 2235/36/11 2248/37/11 2244/38/11
f 2225/39/48 2226/40/48 2227/41/48
f 2228/42/49 2229/43/49 2230/32/49
f 2231/44/68 2232/45/68 2233/46/68
f 2234/47/69 2235/48/69 2236/33/69
f 2237/49/46 2238/50/46 2239/51/46
f 2240/52/47 2241/20/47 2242/53/47
f 2243/54/50 2244/55/50 2245/56/50
f 2246/57/51 2247/58/51 2248/37/51
f 2231/44/27 2225/39/27 2227/41/27 2232/45/27
f 2226/59/26 2228/42/26 2230/32/26 2227/31/26
f 2229/43/28 2234/47/28 2236/33/28 2230/32/28
f 2235/36/29 2233/35/29 2232/34/29 2236/33/29
f 2243/54/30 2231/44/30 2233/46/30 2244/55/30
f 2234/60/31 2246/57/31 2248/37/31 2235/36/31
f 2247/24/32 2245/23/32 2244/38/32 2248/37/32
f 2237/49/33 2243/54/33 2245/23/33 2238/26/33
f 2246/27/34 2240/30/34 2242/25/34 2247/24/34
f 2241/20/24 2239/19/24 2238/26/24 2242/25/24
f 2225/39/23 2237/49/23 2239/51/23 2226/40/23
f 2240/52/25 2229/61/25 2228/21/25 2241/20/25
f 2231/44/35 2243/54/35 2237/49/35 2225/39/35
f 2263/19/13 2265/20/13 2252/21/13 2250/22/13
f 2269/23/10 2271/24/10 2266/25/10 2262/26/10
f 2270/27/12 2258/28/12 2253/29/12 2264/30/12
f 2251/31/14 2254/32/14 2260/33/14 2256/34/14
f 2257/35/11 2259/36/11 2272/37/11 2268/38/11
f 2249/39/48 2250/40/48 2251/41/48
f 2252/42/49 2253/43/49 2254/32/49
f 2255/44/68 2256/45/68 2257/46/68
f 2258/47/69 2259/48/69 2260/33/69
f 2261/49/46 2262/50/46 2263/51/46
f 2264/52/47 2265/20/47 2266/53/47
f 2267/54/66 2268/55/66 2269/56/66
f 2270/57/67 2271/58/67 2272/37/67
f 2255/44/27 2249/39/27 2251/41/27 2256/45/27
f 2250/59/26 2252/42/26 2254/32/26 2251/31/26
f 2253/43/28 2258/47/28 2260/33/28 2254/32/28
f 2259/36/29 2257/35/29 2256/34/29 2260/33/29
f 2267/54/30 2255/44/30 2257/46/30 2268/55/30
f 2258/60/31 2270/57/31 2272/37/31 2259/36/31
f 2271/24/32 2269/23/32 2268/38/32 2272/37/32
f 2261/49/33 2267/54/33 2269/23/33 2262/26/33
f 2270/27/34 2264/30/34 2266/25/34 2271/24/34
f 2265/20/24 2263/19/24 2262/26/24 2266/25/24
f 2249/39/23 2261/49/23 2263/51/23 2250/40/23
f 2264/52/25 2253/61/25 2252/21/25 2265/20/25
f 2255/44/35 2267/54/35 2261/49/35 2249/39/35
f 2287/19/13 2289/20/13 2276/21/13 2274/22/13
f 2293/23/10 2295/24/10 2290/25/10 2286/26/10
f 2294/27/12 2282/28/12 2277/29/12 2288/30/12
f 2275/31/14 2278/32/14 2284/33/14 2280/34/14
f 2281/35/11 2283/36/11 2296/37/11 2292/38/11
f 2273/39/48 2274/40/48 2275/41/48
f 2276/42/49 2277/43/49 2278/32/49
f 2279/44/68 2280/45/68 2281/46/68
f 2282/47/69 2283/48/69 2284/33/69
f 2285/49/46 2286/50/46 2287/51/46
f 2288/52/47 2289/20/47 2290/53/47
f 2291/54/66 2292/55/66 2293/56/66
f 2294/57/67 2295/58/67 2296/37/67
f 2279/44/27 2273/39/27 2275/41/27 2280/45/27
f 2274/59/26 2276/42/26 2278/32/26 2275/31/26
f 2277/43/28 2282/47/28 2284/33/28 2278/32/28
f 2283/36/29 2281/35/29 2280/34/29 2284/33/29
f 2291/54/30 2279/44/30 2281/46/30 2292/55/30
f 2282/60/31 2294/57/31 2296/37/31 2283/36/31
f 2295/24/32 2293/23/32 2292/38/32 2296/37/32
f 2285/49/33 2291/54/33 2293/23/33 2286/26/33
f 2294/27/34 2288/30/34 2290/25/34 2295/24/34
f 2289/20/24 2287/19/24 2286/26/24 2290/25/24
f 2273/39/23 2285/49/23 2287/51/23 2274/40/23
f 2288/52/25 2277/61/25 2276/21/25 2289/20/25
f 2279/44/35 2291/54/35 2285/49/35 2273/39/35
f 2311/19/13 2313/20/13 2300/21/13 2298/22/13
f 2317/23/10 2319/24/10 2314/25/10 2310/26/10
f 2318/27/12 2306/28/12 2301/29/12 2312/30/12
f 2299/31/14 2302/32/14 2308/33/14 2304/34/14
f 2305/35/11 2307/36/11 2320/37/11 2316/38/11
f 2297/39/48 2298/40/48 2299/41/48
f 2300/42/49 2301/43/49 2302/32/49
f 2303/44/68 2304/45/68 2305/46/68
f 2306/47/69 2307/48/69 2308/33/69
f 2309/49/46 2310/50/46 2311/51/46
f 2312/52/47 2313/20/47 2314/53/47
f 2315/54/66 2316/55/66 2317/56/66
f 2318/57/67 2319/58/67 2320/37/67
f 2303/44/27 2297/39/27 2299/41/27 2304/45/27
f 2298/59/26 2300/42/26 2302/32/26 2299/31/26
f 2301/43/28 2306/47/28 2308/33/28 2302/32/28
f 2307/36/29 2305/35/29 2304/34/29 2308/33/29
f 2315/54/30 2303/44/30 2305/46/30 2316/55/30
f 2306/60/31 2318/57/31 2320/37/31 2307/36/31
f 2319/24/32 2317/23/32 2316/38/32 2320/37/32
f 2309/49/33 2315/54/33 2317/23/33 2310/26/33
f 2318/27/34 2312/30/34 2314/25/34 2319/24/34
f 2313/20/24 2311/19/24 2310/26/24 2314/25/24
f 2297/39/23 2309/49/23 2311/51/23 2298/40/23
f 2312/52/25 2301/61/25 2300/21/25 2313/20/25
f 2303/44/35 2315/54/35 2309/49/35 2297/39/35
f 2335/19/13 2337/20/13 2324/21/13 2322/22/13
f 2341/23/10 2343/24/10 2338/25/10 2334/26/10
f 2342/27/12 2330/28/12 2325/29/12 2336/30/12
f 2323/31/14 2326/32/14 2332/33/14 2328/34/14
f 2329/35/11 2331/36/11 2344/37/11 2340/38/11
f 2321/39/48 2322/40/48 2323/41/48
f 2324/42/49 2325/43/49 2326/32/49
f 2327/44/68 2328/45/68 2329/46/68
f 2330/47/69 2331/48/69 2332/33/69
f 2333/49/46 2334/50/46 2335/51/46
f 2336/52/47 2337/20/47 2338/53/47
f 2339/54/66 2340/55/66 2341/56/66
f 2342/57/67 2343/58/67 2344/37/67
f 2327/44/27 2321/39/27 2323/41/27 2328/45/27
f 2322/59/26 2324/42/26 2326/32/26 2323/31/26
f 2325/43/28 2330/47/28 2332/33/28 2326/32/28
f 2331/36/29 2329/35/29 2328/34/29 2332/33/29
f 2339/54/30 2327/44/30 2329/46/30 2340/55/30
f 2330/60/31 2342/57/31 2344/37/31 2331/36/31
f 2343/24/32 2341/23/32 2340/38/32 2344/37/32
f 2333/49/33 2339/54/33 2341/23/33 2334/26/33
f 2342/27/34 2336/30/34 2338/25/34 2343/24/34
f 2337/20/24 2335/19/24 2334/26/24 2338/25/24
f 2321/39/23 2333/49/23 2335/51/23 2322/40/23
f 2336/52/25 2325/61/25 2324/21/25 2337/20/25
f 2327/44/35 2339/54/35 2333/49/35 2321/39/35
f 2359/19/13 2361/20/13 2348/21/13 2346/22/13
f 2365/23/10 2367/24/10 2362/25/10 2358/26/10
f 2366/27/12 2354/28/12 2349/29/12 2360/30/12
f 2347/31/14 2350/32/14 2356/33/14 2352/34/14
f 2353/35/11 2355/36/11 2368/37/11 2364/38/11
f 2345/39/72 2346/40/72 2347/41/72
f 2348/42/73 2349/43/73 2350/32/73
f 2351/44/74 2352/45/74 2353/46/74
f 2354/47/75 2355/48/75 2356/33/75
f 2357/49/46 2358/50/46 2359/51/46
f 2360/52/47 2361/20/47 2362/53/47
f 2363/54/66 2364/55/66 2365/56/66
f 2366/57/67 2367/58/67 2368/37/67
f 2351/44/27 2345/39/27 2347/41/27 2352/45/27
f 2346/59/26 2348/42/26 2350/32/26 2347/31/26
f 2349/43/28 2354/47/28 2356/33/28 2350/32/28
f 2355/36/29 2353/35/29 2352/34/29 2356/33/29
f 2363/54/30 2351/44/30 2353/46/30 2364/55/30
f 2354/60/31 2366/57/31 2368/37/31 2355/36/31
f 2367/24/32 2365/23/32 2364/38/32 2368/37/32
f 2357/49/33 2363/54/33 2365/23/33 2358/26/33
f 2366/27/34 2360/30/34 2362/25/34 2367/24/34
f 2361/20/24 2359/19/24 2358/26/24 2362/25/24
f 2345/39/23 2357/49/23 2359/51/23 2346/40/23
f 2360/52/25 2349/61/25 2348/21/25 2361/20/25
f 2351/44/35 2363/54/35 2357/49/35 2345/39/35
f 2383/19/13 2385/20/13 2372/21/13 2370/22/13
f 2389/23/10 2391/24/10 2386/25/10 2382/26/10
f 2390/27/12 2378/28/12 2373/29/12 2384/30/12
f 2371/31/14 2374/32/14 2380/33/14 2376/34/14
f 2377/35/11 2379/36/11 2392/37/11 2388/38/11
f 2369/39/48 2370/40/48 2371/41/48
f 2372/42/49 2373/43/49 2374/32/49
f 2375/44/68 2376/45/68 2377/46/68
f 2378/47/69 2379/48/69 2380/33/69
f 2381/49/46 2382/50/46 2383/51/46
f 2384/52/47 2385/20/47 2386/53/47
f 2387/54/66 2388/55/66 2389/56/66
f 2390/57/67 2391/58/67 2392/37/67
f 2375/44/27 2369/39/27 2371/41/27 2376/45/27
f 2370/59/26 2372/42/26 2374/32/26 2371/31/26
f 2373/43/28 2378/47/28 2380/33/28 2374/32/28
f 2379/36/29 2377/35/29 2376/34/29 2380/33/29
f 2387/54/30 2375/44/30 2377/46/30 2388/55/30
f 2378/60/31 2390/57/31 2392/37/31 2379/36/31
f 2391/24/32 2389/23/32 2388/38/32 2392/37/32
f 2381/49/33 2387/54/33 2389/23/33 2382/26/33
f 2390/27/34 2384/30/34 2386/25/34 2391/24/34
f 2385/20/24 2383/19/24 2382/26/24 2386/25/24
f 2369/39/23 2381/49/23 2383/51/23 2370/40/23
f 2384/52/25 2373/61/25 2372/21/25 2385/20/25
f 2375/44/35 2387/54/35 2381/49/35 2369/39/35
f 2407/19/13 2409/20/13 2396/21/13 2394/22/13
f 2413/23/10 2415/24/10 2410/25/10 2406/26/10
f 2414/27/12 2402/28/12 2397/29/12 2408/30/12
f 2395/31/14 2398/32/14 2404/33/14 2400/34/14
f 2401/35/11 2403/36/11 2416/37/11 2412/38/11
f 2393/39/48 2394/40/48 2395/41/48
f 2396/42/49 2397/43/49 2398/32/49
f 2399/44/74 2400/45/74 2401/46/74
f 2402/47/75 2403/48/75 2404/33/75
f 2405/49/46 2406/50/46 2407/51/46
f 2408/52/47 2409/20/47 2410/53/47
f 2411/54/40 2412/55/40 2413/56/40
f 2414/57/41 2415/58/41 2416/37/41
f 2399/44/27 2393/39/27 2395/41/27 2400/45/27
f 2394/59/26 2396/42/26 2398/32/26 2395/31/26
f 2397/43/28 2402/47/28 2404/33/28 2398/32/28
f 2403/36/29 2401/35/29 2400/34/29 2404/33/29
f 2411/54/30 2399/44/30 2401/46/30 2412/55/30
f 2402/60/31 2414/57/31 2416/37/31 2403/36/31
f 2415/24/32 2413/23/32 2412/38/32 2416/37/32
f 2405/49/33 2411/54/33 2413/23/33 2406/26/33
f 2414/27/34 2408/30/34 2410/25/34 2415/24/34
f 2409/20/24 2407/19/24 2406/26/24 2410/25/24
f 2393/39/23 2405/49/23 2407/51/23 2394/40/23
f 2408/52/25 2397/61/25 2396/21/25 2409/20/25
f 2399/44/35 2411/54/35 2405/49/35 2393/39/35
f 2431/19/13 2433/20/13 2420/21/13 2418/22/13
f 2437/23/10 2439/24/10 2434/25/10 2430/26/10
f 2438/27/12 2426/28/12 2421/29/12 2432/30/12
f 2419/31/14 2422/32/14 2428/33/14 2424/34/14
f 2425/35/11 2427/36/11 2440/37/11 2436/38/11
f 2417/39/48 2418/40/48 2419/41/48
f 2420/42/49 2421/43/49 2422/32/49
f 2423/44/52 2424/45/52 2425/46/52
f 2426/47/53 2427/48/53 2428/33/53
f 2429/49/46 2430/50/46 2431/51/46
f 2432/52/47 2433/20/47 2434/53/47
f 2435/54/50 2436/55/50 2437/56/50
f 2438/57/51 2439/58/51 2440/37/51
f 2423/44/27 2417/39/27 2419/41/27 2424/45/27
f 2418/59/26 2420/42/26 2422/32/26 2419/31/26
f 2421/43/28 2426/47/28 2428/33/28 2422/32/28
f 2427/36/29 2425/35/29 2424/34/29 2428/33/29
f 2435/54/30 2423/44/30 2425/46/30 2436/55/30
f 2426/60/31 2438/57/31 2440/37/31 2427/36/31
f 2439/24/32 2437/23/32 2436/38/32 2440/37/32
f 2429/49/33 2435/54/33 2437/23/33 2430/26/33
f 2438/27/34 2432/30/34 2434/25/34 2439/24/34
f 2433/20/24 2431/19/24 2430/26/24 2434/25/24
f 2417/39/23 2429/49/23 2431/51/23 2418/40/23
f 2432/52/25 2421/61/25 2420/21/25 2433/20/25
f 2423/44/35 2435/54/35 2429/49/35 2417/39/35
f 2455/19/13 2457/20/13 2444/21/13 2442/22/13
f 2461/23/10 2463/24/10 2458/25/10 2454/26/10
f 2462/27/12 2450/28/12 2445/29/12 2456/30/12
f 2443/31/14 2446/32/14 2452/33/14 2448/34/14
f 2449/35/11 2451/36/11 2464/37/11 2460/38/11
f 2441/39/48 2442/40/48 2443/41/48
f 2444/42/49 2445/43/49 2446/32/49
f 2447/44/52 2448/45/52 2449/46/52
f 2450/47/53 2451/48/53 2452/33/53
f 2453/49/46 2454/50/46 2455/51/46
f 2456/52/47 2457/20/47 2458/53/47
f 2459/54/50 2460/55/50 2461/56/50
f 2462/57/51 2463/58/51 2464/37/51
f 2447/44/27 2441/39/27 2443/41/27 2448/45/27
f 2442/59/26 2444/42/26 2446/32/26 2443/31/26
f 2445/43/28 2450/47/28 2452/33/28 2446/32/28
f 2451/36/29 2449/35/29 2448/34/29 2452/33/29
f 2459/54/30 2447/44/30 2449/46/30 2460/55/30
f 2450/60/31 2462/57/31 2464/37/31 2451/36/31
f 2463/24/32 2461/23/32 2460/38/32 2464/37/32
f 2453/49/33 2459/54/33 2461/23/33 2454/26/33
f 2462/27/34 2456/30/34 2458/25/34 2463/24/34
f 2457/20/24 2455/19/24 2454/26/24 2458/25/24
f 2441/39/23 2453/49/23 2455/51/23 2442/40/23
f 2456/52/25 2445/61/25 2444/21/25 2457/20/25
f 2447/44/35 2459/54/35 2453/49/35 2441/39/35
f 2479/19/13 2481/20/13 2468/21/13 2466/22/13
f 2485/23/10 2487/24/10 2482/25/10 2478/26/10
f 2486/27/12 2474/28/12 2469/29/12 2480/30/12
f 2467/31/14 2470/32/14 2476/33/14 2472/34/14
f 2473/35/11 2475/36/11 2488/37/11 2484/38/11
f 2465/39/48 2466/40/48 2467/41/48
f 2468/42/49 2469/43/49 2470/32/49
f 2471/44/68 2472/45/68 2473/46/68
f 2474/47/69 2475/48/69 2476/33/69
f 2477/49/46 2478/50/46 2479/51/46
f 2480/52/47 2481/20/47 2482/53/47
f 2483/54/50 2484/55/50 2485/56/50
f 2486/57/51 2487/58/51 2488/37/51
f 2471/44/27 2465/39/27 2467/41/27 2472/45/27
f 2466/59/26 2468/42/26 2470/32/26 2467/31/26
f 2469/43/28 2474/47/28 2476/33/28 2470/32/28
f 2475/36/29 2473/35/29 2472/34/29 2476/33/29
f 2483/54/30 2471/44/30 2473/46/30 2484/55/30
f 2474/60/31 2486/57/31 2488/37/31 2475/36/31
f 2487/24/32 2485/23/32 2484/38/32 2488/37/32
f 2477/49/33 2483/54/33 2485/23/33 2478/26/33
f 2486/27/34 2480/30/34 2482/25/34 2487/24/34
f 2481/20/24 2479/19/24 2478/26/24 2482/25/24
f 2465/39/23 2477/49/23 2479/51/23 2466/40/23
f 2480/52/25 2469/61/25 2468/21/25 2481/20/25
f 2471/44/35 2483/54/35 2477/49/35 2465/39/35
f 2503/19/13 2505/20/13 2492/21/13 2490/22/13
f 2509/23/10 2511/24/10 2506/25/10 2502/26/10
f 2510/27/12 2498/28/12 2493/29/12 2504/30/12
f 2491/31/14 2494/32/14 2500/33/14 2496/34/14
f 2497/35/11 2499/36/11 2512/37/11 2508/38/11
f 2489/39/48 2490/40/48 2491/41/48
f 2492/42/49 2493/43/49 2494/32/49
f 2495/44/74 2496/45/74 2497/46/74
f 2498/47/75 2499/48/75 2500/33/75
f 2501/49/46 2502/50/46 2503/51/46
f 2504/52/47 2505/20/47 2506/53/47
f 2507/54/50 2508/55/50 2509/56/50
f 2510/57/51 2511/58/51 2512/37/51
f 2495/44/27 2489/39/27 2491/41/27 2496/45/27
f 2490/59/26 2492/42/26 2494/32/26 2491/31/26
f 2493/43/28 2498/47/28 2500/33/28 2494/32/28
f 2499/36/29 2497/35/29 2496/34/29 2500/33/29
f 2507/54/30 2495/44/30 2497/46/30 2508/55/30
f 2498/60/31 2510/57/31 2512/37/31 2499/36/31
f 2511/24/32 2509/23/32 2508/38/32 2512/37/32
f 2501/49/33 2507/54/33 2509/23/33 2502/26/33
f 2510/27/34 2504/30/34 2506/25/34 2511/24/34
f 2505/20/24 2503/19/24 2502/26/24 2506/25/24
f 2489/39/23 2501/49/23 2503/51/23 2490/40/23
f 2504/52/25 2493/61/25 2492/21/25 2505/20/25
f 2495/44/35 2507/54/35 2501/49/35 2489/39/35
f 2527/19/13 2529/20/13 2516/21/13 2514/22/13
f 2533/23/10 2535/24/10 2530/25/10 2526/26/10
f 2534/27/12 2522/28/12 2517/29/12 2528/30/12
f 2515/31/14 2518/32/14 2524/33/14 2520/34/14
f 2521/35/11 2523/36/11 2536/37/11 2532/38/11
f 2513/39/48 2514/40/48 2515/41/48
f 2516/42/49 2517/43/49 2518/32/49
f 2519/44/74 2520/45/74 2521/46/74
f 2522/47/75 2523/48/75 2524/33/75
f 2525/49/46 2526/50/46 2527/51/46
f 2528/52/47 2529/20/47 2530/53/47
f 2531/54/66 2532/55/66 2533/56/66
f 2534/57/67 2535/58/67 2536/37/67
f 2519/44/27 2513/39/27 2515/41/27 2520/45/27
f 2514/59/26 2516/42/26 2518/32/26 2515/31/26
f 2517/43/28 2522/47/28 2524/33/28 2518/32/28
f 2523/36/29 2521/35/29 2520/34/29 2524/33/29
f 2531/54/30 2519/44/30 2521/46/30 2532/55/30
f 2522/60/31 2534/57/31 2536/37/31 2523/36/31
f 2535/24/32 2533/23/32 2532/38/32 2536/37/32
f 2525/49/33 2531/54/33 2533/23/33 2526/26/33
f 2534/27/34 2528/30/34 2530/25/34 2535/24/34
f 2529/20/24 2527/19/24 2526/26/24 2530/25/24
f 2513/39/23 2525/49/23 2527/51/23 2514/40/23
f 2528/52/25 2517/61/25 2516/21/25 2529/20/25
f 2519/44/35 2531/54/35 2525/49/35 2513/39/35
f 2551/19/13 2553/20/13 2540/21/13 2538/22/13
f 2557/23/10 2559/24/10 2554/25/10 2550/26/10
f 2558/27/12 2546/28/12 2541/29/12 2552/30/12
f 2539/31/14 2542/32/14 2548/33/14 2544/34/14
f 2545/35/11 2547/36/11 2560/37/11 2556/38/11
f 2537/39/48 2538/40/48 2539/41/48
f 2540/42/49 2541/43/49 2542/32/49
f 2543/44/74 2544/45/74 2545/46/74
f 2546/47/75 2547/48/75 2548/33/75
f 2549/49/46 2550/50/46 2551/51/46
f 2552/52/47 2553/20/47 2554/53/47
f 2555/54/66 2556/55/66 2557/56/66
f 2558/57/67 2559/58/67 2560/37/67
f 2543/44/27 2537/39/27 2539/41/27 2544/45/27
f 2538/59/26 2540/42/26 2542/32/26 2539/31/26
f 2541/43/28 2546/47/28 2548/33/28 2542/32/28
f 2547/36/29 2545/35/29 2544/34/29 2548/33/29
f 2555/54/30 2543/44/30 2545/46/30 2556/55/30
f 2546/60/31 2558/57/31 2560/37/31 2547/36/31
f 2559/24/32 2557/23/32 2556/38/32 2560/37/32
f 2549/49/33 2555/54/33 2557/23/33 2550/26/33
f 2558/27/34 2552/30/34 2554/25/34 2559/24/34
f 2553/20/24 2551/19/24 2550/26/24 2554/25/24
f 2537/39/23 2549/49/23 2551/51/23 2538/40/23
f 2552/52/25 2541/61/25 2540/21/25 2553/20/25
f 2543/44/35 2555/54/35 2549/49/35 2537/39/35
f 2575/19/13 2577/20/13 2564/21/13 2562/22/13
f 2581/23/10 2583/24/10 2578/25/10 2574/26/10
f 2582/27/12 2570/28/12 2565/29/12 2576/30/12
f 2563/31/14 2566/32/14 2572/33/14 2568/34/14
f 2569/35/11 2571/36/11 2584/37/11 2580/38/11
f 2561/39/48 2562/40/48 2563/41/48
f 2564/42/49 2565/43/49 2566/32/49
f 2567/44/68 2568/45/68 2569/46/68
f 2570/47/69 2571/48/69 2572/33/69
f 2573/49/46 2574/50/46 2575/51/46
f 2576/52/47 2577/20/47 2578/53/47
f 2579/54/78 2580/55/78 2581/56/78
f 2582/57/79 2583/58/79 2584/37/79
f 2567/44/27 2561/39/27 2563/41/27 2568/45/27
f 2562/59/26 2564/42/26 2566/32/26 2563/31/26
f 2565/43/28 2570/47/28 2572/33/28 2566/32/28
f 2571/36/29 2569/35/29 2568/34/29 2572/33/29
f 2579/54/30 2567/44/30 2569/46/30 2580/55/30
f 2570/60/31 2582/57/31 2584/37/31 2571/36/31
f 2583/24/32 2581/23/32 2580/38/32 2584/37/32
f 2573/49/33 2579/54/33 2581/23/33 2574/26/33
f 2582/27/34 2576/30/34 2578/25/34 2583/24/34
f 2577/20/24 2575/19/24 2574/26/24 2578/25/24
f 2561/39/23 2573/49/23 2575/51/23 2562/40/23
f 2576/52/25 2565/61/25 2564/21/25 2577/20/25
f 2567/44/35 2579/54/35 2573/49/35 2561/39/35
f 2599/19/13 2601/20/13 2588/21/13 2586/22/13
f 2605/23/10 2607/24/10 2602/25/10 2598/26/10
f 2606/27/12 2594/28/12 2589/29/12 2600/30/12
f 2587/31/14 2590/32/14 2596/33/14 2592/34/14
f 2593/35/11 2595/36/11 2608/37/11 2604/38/11
f 2585/39/48 2586/40/48 2587/41/48
f 2588/42/49 2589/43/49 2590/32/49
f 2591/44/68 2592/45/68 2593/46/68
f 2594/47/69 2595/48/69 2596/33/69
f 2597/49/46 2598/50/46 2599/51/46
f 2600/52/47 2601/20/47 2602/53/47
f 2603/54/78 2604/55/78 2605/56/78
f 2606/57/79 2607/58/79 2608/37/79
f 2591/44/27 2585/39/27 2587/41/27 2592/45/27
f 2586/59/26 2588/42/26 2590/32/26 2587/31/26
f 2589/43/28 2594/47/28 2596/33/28 2590/32/28
f 2595/36/29 2593/35/29 2592/34/29 2596/33/29
f 2603/54/30 2591/44/30 2593/46/30 2604/55/30
f 2594/60/31 2606/57/31 2608/37/31 2595/36/31
f 2607/24/32 2605/23/32 2604/38/32 2608/37/32
f 2597/49/33 2603/54/33 2605/23/33 2598/26/33
f 2606/27/34 2600/30/34 2602/25/34 2607/24/34
f 2601/20/24 2599/19/24 2598/26/24 2602/25/24
f 2585/39/23 2597/49/23 2599/51/23 2586/40/23
f 2600/52/25 2589/61/25 2588/21/25 2601/20/25
f 2591/44/35 2603/54/35 2597/49/35 2585/39/35
f 2623/19/13 2625/20/13 2612/21/13 2610/22/13
f 2629/23/10 2631/24/10 2626/25/10 2622/26/10
f 2630/27/12 2618/28/12 2613/29/12 2624/30/12
f 2611/31/14 2614/32/14 2620/33/14 2616/34/14
f 2617/35/11 2619/36/11 2632/37/11 2628/38/11
f 2609/39/58 2610/40/58 2611/41/58
f 2612/42/59 2613/43/59 2614/32/59
f 2615/44/42 2616/45/42 2617/46/42
f 2618/47/43 2619/48/43 2620/33/43
f 2621/49/46 2622/50/46 2623/51/46
f 2624/52/47 2625/20/47 2626/53/47
f 2627/54/78 2628/55/78 2629/56/78
f 2630/57/79 2631/58/79 2632/37/79
f 2615/44/27 2609/39/27 2611/41/27 2616/45/27
f 2610/59/26 2612/42/26 2614/32/26 2611/31/26
f 2613/43/28 2618/47/28 2620/33/28 2614/32/28
f 2619/36/29 2617/35/29 2616/34/29 2620/33/29
f 2627/54/30 2615/44/30 2617/46/30 2628/55/30
f 2618/60/31 2630/57/31 2632/37/31 2619/36/31
f 2631/24/32 2629/23/32 2628/38/32 2632/37/32
f 2621/49/33 2627/54/33 2629/23/33 2622/26/33
f 2630/27/34 2624/30/34 2626/25/34 2631/24/34
f 2625/20/24 2623/19/24 2622/26/24 2626/25/24
f 2609/39/23 2621/49/23 2623/51/23 2610/40/23
f 2624/52/25 2613/61/25 2612/21/25 2625/20/25
f 2615/44/35 2627/54/35 2621/49/35 2609/39/35
f 2647/19/13 2649/20/13 2636/21/13 2634/22/13
f 2653/23/10 2655/24/10 2650/25/10 2646/26/10
f 2654/27/12 2642/28/12 2637/29/12 2648/30/12
f 2635/31/14 2638/32/14 2644/33/14 2640/34/14
f 2641/35/11 2643/36/11 2656/37/11 2652/38/11
f 2633/39/48 2634/40/48 2635/41/48
f 2636/42/49 2637/43/49 2638/32/49
f 2639/44/52 2640/45/52 2641/46/52
f 2642/47/53 2643/48/53 2644/33/53
f 2645/49/46 2646/50/46 2647/51/46
f 2648/52/47 2649/20/47 2650/53/47
f 2651/54/50 2652/55/50 2653/56/50
f 2654/57/51 2655/58/51 2656/37/51
f 2639/44/27 2633/39/27 2635/41/27 2640/45/27
f 2634/59/26 2636/42/26 2638/32/26 2635/31/26
f 2637/43/28 2642/47/28 2644/33/28 2638/32/28
f 2643/36/29 2641/35/29 2640/34/29 2644/33/29
f 2651/54/30 2639/44/30 2641/46/30 2652/55/30
f 2642/60/31 2654/57/31 2656/37/31 2643/36/31
f 2655/24/32 2653/23/32 2652/38/32 2656/37/32
f 2645/49/33 2651/54/33 2653/23/33 2646/26/33
f 2654/27/34 2648/30/34 2650/25/34 2655/24/34
f 2649/20/24 2647/19/24 2646/26/24 2650/25/24
f 2633/39/23 2645/49/23 2647/51/23 2634/40/23
f 2648/52/25 2637/61/25 2636/21/25 2649/20/25
f 2639/44/35 2651/54/35 2645/49/35 2633/39/35
f 2671/19/13 2673/20/13 2660/21/13 2658/22/13
f 2677/23/10 2679/24/10 2674/25/10 2670/26/10
f 2678/27/12 2666/28/12 2661/29/12 2672/30/12
f 2659/31/14 2662/32/14 2668/33/14 2664/34/14
f 2665/35/11 2667/36/11 2680/37/11 2676/38/11
f 2657/39/72 2658/40/72 2659/41/72
f 2660/42/73 2661/43/73 2662/32/73
f 2663/44/52 2664/45/52 2665/46/52
f 2666/47/53 2667/48/53 2668/33/53
f 2669/49/76 2670/50/76 2671/51/76
f 2672/52/77 2673/20/77 2674/53/77
f 2675/54/50 2676/55/50 2677/56/50
f 2678/57/51 2679/58/51 2680/37/51
f 2663/44/27 2657/39/27 2659/41/27 2664/45/27
f 2658/59/26 2660/42/26 2662/32/26 2659/31/26
f 2661/43/28 2666/47/28 2668/33/28 2662/32/28
f 2667/36/29 2665/35/29 2664/34/29 2668/33/29
f 2675/54/30 2663/44/30 2665/46/30 2676/55/30
f 2666/60/31 2678/57/31 2680/37/31 2667/36/31
f 2679/24/32 2677/23/32 2676/38/32 2680/37/32
f 2669/49/33 2675/54/33 2677/23/33 2670/26/33
f 2678/27/34 2672/30/34 2674/25/34 2679/24/34
f 2673/20/24 2671/19/24 2670/26/24 2674/25/24
f 2657/39/23 2669/49/23 2671/51/23 2658/40/23
f 2672/52/25 2661/61/25 2660/21/25 2673/20/25
f 2663/44/35 2675/54/35 2669/49/35 2657/39/35
f 2695/19/13 2697/20/13 2684/21/13 2682/22/13
f 2701/23/10 2703/24/10 2698/25/10 2694/26/10
f 2702/27/12 2690/28/12 2685/29/12 2696/30/12
f 2683/31/14 2686/32/14 2692/33/14 2688/34/14
f 2689/35/11 2691/36/11 2704/37/11 2700/38/11
f 2681/39/48 2682/40/48 2683/41/48
f 2684/42/49 2685/43/49 2686/32/49
f 2687/44/52 2688/45/52 2689/46/52
f 2690/47/53 2691/48/53 2692/33/53
f 2693/49/46 2694/50/46 2695/51/46
f 2696/52/47 2697/20/47 2698/53/47
f 2699/54/50 2700/55/50 2701/56/50
f 2702/57/51 2703/58/51 2704/37/51
f 2687/44/27 2681/39/27 2683/41/27 2688/45/27
f 2682/59/26 2684/42/26 2686/32/26 2683/31/26
f 2685/43/28 2690/47/28 2692/33/28 2686/32/28
f 2691/36/29 2689/35/29 2688/34/29 2692/33/29
f 2699/54/30 2687/44/30 2689/46/30 2700/55/30
f 2690/60/31 2702/57/31 2704/37/31 2691/36/31
f 2703/24/32 2701/23/32 2700/38/32 2704/37/32
f 2693/49/33 2699/54/33 2701/23/33 2694/26/33
f 2702/27/34 2696/30/34 2698/25/34 2703/24/34
f 2697/20/24 2695/19/24 2694/26/24 2698/25/24
f 2681/39/23 2693/49/23 2695/51/23 2682/40/23
f 2696/52/25 2685/61/25 2684/21/25 2697/20/25
f 2687/44/35 2699/54/35 2693/49/35 2681/39/35
f 2719/19/13 2721/20/13 2708/21/13 2706/22/13
f 2725/23/10 2727/24/10 2722/25/10 2718/26/10
f 2726/27/12 2714/28/12 2709/29/12 2720/30/12
f 2707/31/14 2710/32/14 2716/33/14 2712/34/14
f 2713/35/11 2715/36/11 2728/37/11 2724/38/11
f 2705/39/48 2706/40/48 2707/41/48
f 2708/42/49 2709/43/49 2710/32/49
f 2711/44/52 2712/45/52 2713/46/52
f 2714/47/53 2715/48/53 2716/33/53
f 2717/49/46 2718/50/46 2719/51/46
f 2720/52/47 2721/20/47 2722/53/47
f 2723/54/50 2724/55/50 2725/56/50
f 2726/57/51 2727/58/51 2728/37/51
f 2711/44/27 2705/39/27 2707/41/27 2712/45/27
f 2706/59/26 2708/42/26 2710/32/26 2707/31/26
f 2709/43/28 2714/47/28 2716/33/28 2710/32/28
f 2715/36/29 2713/35/29 2712/34/29 2716/33/29
f 2723/54/30 2711/44/30 2713/46/30 2724/55/30
f 2714/60/31 2726/57/31 2728/37/31 2715/36/31
f 2727/24/32 2725/23/32 2724/38/32 2728/37/32
f 2717/49/33 2723/54/33 2725/23/33 2718/26/33
f 2726/27/34 2720/30/34 2722/25/34 2727/24/34
f 2721/20/24 2719/19/24 2718/26/24 2722/25/24
f 2705/39/23 2717/49/23 2719/51/23 2706/40/23
f 2720/52/25 2709/61/25 2708/21/25 2721/20/25
f 2711/44/35 2723/54/35 2717/49/35 2705/39/35
f 2743/19/13 2745/20/13 2732/21/13 2730/22/13
f 2749/23/10 2751/24/10 2746/25/10 2742/26/10
f 2750/27/12 2738/28/12 2733/29/12 2744/30/12
f 2731/31/14 2734/32/14 2740/33/14 2736/34/14
f 2737/35/11 2739/36/11 2752/37/11 2748/38/11
f 2729/39/48 2730/40/48 2731/41/48
f 2732/42/49 2733/43/49 2734/32/49
f 2735/44/52 2736/45/52 2737/46/52
f 2738/47/53 2739/48/53 2740/33/53
f 2741/49/46 2742/50/46 2743/51/46
f 2744/52/47 2745/20/47 2746/53/47
f 2747/54/50 2748/55/50 2749/56/50
f 2750/57/51 2751/58/51 2752/37/51
f 2735/44/27 2729/39/27 2731/41/27 2736/45/27
f 2730/59/26 2732/42/26 2734/32/26 2731/31/26
f 2733/43/28 2738/47/28 2740/33/28 2734/32/28
f 2739/36/29 2737/35/29 2736/34/29 2740/33/29
f 2747/54/30 2735/44/30 2737/46/30 2748/55/30
f 2738/60/31 2750/57/31 2752/37/31 2739/36/31
f 2751/24/32 2749/23/32 2748/38/32 2752/37/32
f 2741/49/33 2747/54/33 2749/23/33 2742/26/33
f 2750/27/34 2744/30/34 2746/25/34 2751/24/34
f 2745/20/24 2743/19/24 2742/26/24 2746/25/24
f 2729/39/23 2741/49/23 2743/51/23 2730/40/23
f 2744/52/25 2733/61/25 2732/21/25 2745/20/25
f 2735/44/35 2747/54/35 2741/49/35 2729/39/35
f 2767/19/13 2769/20/13 2756/21/13 2754/22/13
f 2773/23/10 2775/24/10 2770/25/10 2766/26/10
f 2774/27/12 2762/28/12 2757/29/12 2768/30/12
f 2755/31/14 2758/32/14 2764/33/14 2760/34/14
f 2761/35/11 2763/36/11 2776/37/11 2772/38/11
f 2753/39/58 2754/40/58 2755/41/58
f 2756/42/59 2757/43/59 2758/32/59
f 2759/44/52 2760/45/52 2761/46/52
f 2762/47/53 2763/48/53 2764/33/53
f 2765/49/46 2766/50/46 2767/51/46
f 2768/52/47 2769/20/47 2770/53/47
f 2771/54/50 2772/55/50 2773/56/50
f 2774/57/51 2775/58/51 2776/37/51
f 2759/44/27 2753/39/27 2755/41/27 2760/45/27
f 2754/59/26 2756/42/26 2758/32/26 2755/31/26
f 2757/43/28 2762/47/28 2764/33/28 2758/32/28
f 2763/36/29 2761/35/29 2760/34/29 2764/33/29
f 2771/54/30 2759/44/30 2761/46/30 2772/55/30
f 2762/60/31 2774/57/31 2776/37/31 2763/36/31
f 2775/24/32 2773/23/32 2772/38/32 2776/37/32
f 2765/49/33 2771/54/33 2773/23/33 2766/26/33
f 2774/27/34 2768/30/34 2770/25/34 2775/24/34
f 2769/20/24 2767/19/24 2766/26/24 2770/25/24
f 2753/39/23 2765/49/23 2767/51/23 2754/40/23
f 2768/52/25 2757/61/25 2756/21/25 2769/20/25
f 2759/44/35 2771/54/35 2765/49/35 2753/39/35
f 2791/19/13 2793/20/13 2780/21/13 2778/22/13
f 2797/23/10 2799/24/10 2794/25/10 2790/26/10
f 2798/27/12 2786/28/12 2781/29/12 2792/30/12
f 2779/31/14 2782/32/14 2788/33/14 2784/34/14
f 2785/35/11 2787/36/11 2800/37/11 2796/38/11
f 2777/39/58 2778/40/58 2779/41/58
f 2780/42/59 2781/43/59 2782/32/59
f 2783/44/52 2784/45/52 2785/46/52
f 2786/47/53 2787/48/53 2788/33/53
f 2789/49/56 2790/50/56 2791/51/56
f 2792/52/57 2793/20/57 2794/53/57
f 2795/54/50 2796/55/50 2797/56/50
f 2798/57/51 2799/58/51 2800/37/51
f 2783/44/27 2777/39/27 2779/41/27 2784/45/27
f 2778/59/26 2780/42/26 2782/32/26 2779/31/26
f 2781/43/28 2786/47/28 2788/33/28 2782/32/28
f 2787/36/29 2785/35/29 2784/34/29 2788/33/29
f 2795/54/30 2783/44/30 2785/46/30 2796/55/30
f 2786/60/31 2798/57/31 2800/37/31 2787/36/31
f 2799/24/32 2797/23/32 2796/38/32 2800/37/32
f 2789/49/33 2795/54/33 2797/23/33 2790/26/33
f 2798/27/34 2792/30/34 2794/25/34 2799/24/34
f 2793/20/24 2791/19/24 2790/26/24 2794/25/24
f 2777/39/23 2789/49/23 2791/51/23 2778/40/23
f 2792/52/25 2781/61/25 2780/21/25 2793/20/25
f 2783/44/35 2795/54/35 2789/49/35 2777/39/35
f 2815/19/13 2817/20/13 2804/21/13 2802/22/13
f 2821/23/10 2823/24/10 2818/25/10 2814/26/10
f 2822/27/12 2810/28/12 2805/29/12 2816/30/12
f 2803/31/14 2806/32/14 2812/33/14 2808/34/14
f 2809/35/11 2811/36/11 2824/37/11 2820/38/11
f 2801/39/58 2802/40/58 2803/41/58
f 2804/42/59 2805/43/59 2806/32/59
f 2807/44/52 2808/45/52 2809/46/52
f 2810/47/53 2811/48/53 2812/33/53
f 2813/49/56 2814/50/56 2815/51/56
f 2816/52/57 2817/20/57 2818/53/57
f 2819/54/50 2820/55/50 2821/56/50
f 2822/57/51 2823/58/51 2824/37/51
f 2807/44/27 2801/39/27 2803/41/27 2808/45/27
f 2802/59/26 2804/42/26 2806/32/26 2803/31/26
f 2805/43/28 2810/47/28 2812/33/28 2806/32/28
f 2811/36/29 2809/35/29 2808/34/29 2812/33/29
f 2819/54/30 2807/44/30 2809/46/30 2820/55/30
f 2810/60/31 2822/57/31 2824/37/31 2811/36/31
f 2823/24/32 2821/23/32 2820/38/32 2824/37/32
f 2813/49/33 2819/54/33 2821/23/33 2814/26/33
f 2822/27/34 2816/30/34 2818/25/34 2823/24/34
f 2817/20/24 2815/19/24 2814/26/24 2818/25/24
f 2801/39/23 2813/49/23 2815/51/23 2802/40/23
f 2816/52/25 2805/61/25 2804/21/25 2817/20/25
f 2807/44/35 2819/54/35 2813/49/35 2801/39/35
f 2839/19/13 2841/20/13 2828/21/13 2826/22/13
f 2845/23/10 2847/24/10 2842/25/10 2838/26/10
f 2846/27/12 2834/28/12 2829/29/12 2840/30/12
f 2827/31/14 2830/32/14 2836/33/14 2832/34/14
f 2833/35/11 2835/36/11 2848/37/11 2844/38/11
f 2825/39/38 2826/40/38 2827/41/38
f 2828/42/39 2829/43/39 2830/32/39
f 2831/44/52 2832/45/52 2833/46/52
f 2834/47/53 2835/48/53 2836/33/53
f 2837/49/76 2838/50/76 2839/51/76
f 2840/52/77 2841/20/77 2842/53/77
f 2843/54/50 2844/55/50 2845/56/50
f 2846/57/51 2847/58/51 2848/37/51
f 2831/44/27 2825/39/27 2827/41/27 2832/45/27
f 2826/59/26 2828/42/26 2830/32/26 2827/31/26
f 2829/43/28 2834/47/28 2836/33/28 2830/32/28
f 2835/36/29 2833/35/29 2832/34/29 2836/33/29
f 2843/54/30 2831/44/30 2833/46/30 2844/55/30
f 2834/60/31 2846/57/31 2848/37/31 2835/36/31
f 2847/24/32 2845/23/32 2844/38/32 2848/37/32
f 2837/49/33 2843/54/33 2845/23/33 2838/26/33
f 2846/27/34 2840/30/34 2842/25/34 2847/24/34
f 2841/20/24 2839/19/24 2838/26/24 2842/25/24
f 2825/39/23 2837/49/23 2839/51/23 2826/40/23
f 2840/52/25 2829/61/25 2828/21/25 2841/20/25
f 2831/44/35 2843/54/35 2837/49/35 2825/39/35
f 2863/19/13 2865/20/13 2852/21/13 2850/22/13
f 2869/23/10 2871/24/10 2866/25/10 2862/26/10
f 2870/27/12 2858/28/12 2853/29/12 2864/30/12
f 2851/31/14 2854/32/14 2860/33/14 2856/34/14
f 2857/35/11 2859/36/11 2872/37/11 2868/38/11
f 2849/39/38 2850/40/38 2851/41/38
f 2852/42/39 2853/43/39 2854/32/39
f 2855/44/52 2856/45/52 2857/46/52
f 2858/47/53 2859/48/53 2860/33/53
f 2861/49/64 2862/50/64 2863/51/64
f 2864/52/65 2865/20/65 2866/53/65
f 2867/54/50 2868/55/50 2869/56/50
f 2870/57/51 2871/58/51 2872/37/51
f 2855/44/27 2849/39/27 2851/41/27 2856/45/27
f 2850/59/26 2852/42/26 2854/32/26 2851/31/26
f 2853/43/28 2858/47/28 2860/33/28 2854/32/28
f 2859/36/29 2857/35/29 2856/34/29 2860/33/29
f 2867/54/30 2855/44/30 2857/46/30 2868/55/30
f 2858/60/31 2870/57/31 2872/37/31 2859/36/31
f 2871/24/32 2869/23/32 2868/38/32 2872/37/32
f 2861/49/33 2867/54/33 2869/23/33 2862/26/33
f 2870/27/34 2864/30/34 2866/25/34 2871/24/34
f 2865/20/24 2863/19/24 2862/26/24 2866/25/24
f 2849/39/23 2861/49/23 2863/51/23 2850/40/23
f 2864/52/25 2853/61/25 2852/21/25 2865/20/25
f 2855/44/35 2867/54/35 2861/49/35 2849/39/35
f 2887/19/13 2889/20/13 2876/21/13 2874/22/13
f 2893/23/10 2895/24/10 2890/25/10 2886/26/10
f 2894/27/12 2882/28/12 2877/29/12 2888/30/12
f 2875/31/14 2878/32/14 2884/33/14 2880/34/14
f 2881/35/11 2883/36/11 2896/37/11 2892/38/11
f 2873/39/38 2874/40/38 2875/41/38
f 2876/42/39 2877/43/39 2878/32/39
f 2879/44/68 2880/45/68 2881/46/68
f 2882/47/69 2883/48/69 2884/33/69
f 2885/49/64 2886/50/64 2887/51/64
f 2888/52/65 2889/20/65 2890/53/65
f 2891/54/50 2892/55/50 2893/56/50
f 2894/57/51 2895/58/51 2896/37/51
f 2879/44/27 2873/39/27 2875/41/27 2880/45/27
f 2874/59/26 2876/42/26 2878/32/26 2875/31/26
f 2877/43/28 2882/47/28 2884/33/28 2878/32/28
f 2883/36/29 2881/35/29 2880/34/29 2884/33/29
f 2891/54/30 2879/44/30 2881/46/30 2892/55/30
f 2882/60/31 2894/57/31 2896/37/31 2883/36/31
f 2895/24/32 2893/23/32 2892/38/32 2896/37/32
f 2885/49/33 2891/54/33 2893/23/33 2886/26/33
f 2894/27/34 2888/30/34 2890/25/34 2895/24/34
f 2889/20/24 2887/19/24 2886/26/24 2890/25/24
f 2873/39/23 2885/49/23 2887/51/23 2874/40/23
f 2888/52/25 2877/61/25 2876/21/25 2889/20/25
f 2879/44/35 2891/54/35 2885/49/35 2873/39/35
